Date,Price,Open,High,Low,Vol.,Change %
31-Dec-21,436.57,437.23,438.38,436.39,5.19M,-0.27%
30-Dec-21,437.77,439.39,440.36,437.32,3.73M,-0.28%
29-Dec-21,439.01,438.5,439.95,437.54,4.37M,0.12%
28-Dec-21,438.48,439.28,440.19,437.65,4.85M,-0.08%
27-Dec-21,438.81,433.98,438.82,433.95,4.97M,1.43%
23-Dec-21,432.64,430.91,434.1,430.87,5.03M,0.62%
22-Dec-21,429.99,425.45,430.09,425.32,4.98M,1.01%
21-Dec-21,425.69,421.65,425.85,419.52,6.88M,1.40%
20-Dec-21,419.8,419.39,420.22,416.3,9.84M,-1.08%
17-Dec-21,424.39,425.85,428.79,422.67,8.88M,-1.04%
16-Dec-21,428.84,434.56,434.8,427.35,7.15M,-0.90%
15-Dec-21,432.75,426.11,432.98,423.67,6.81M,1.56%
14-Dec-21,426.09,425.8,428.24,423.2,5.63M,-0.68%
13-Dec-21,429.01,432.36,432.66,428.75,5.03M,-0.89%
10-Dec-21,432.85,431.44,432.96,428.95,6.24M,0.95%
9-Dec-21,428.76,430.46,431.32,428.61,5.03M,-0.68%
8-Dec-21,431.7,430.95,432.14,429.24,4.46M,0.28%
7-Dec-21,430.49,426.98,431.1,426.94,4.72M,2.06%
6-Dec-21,421.82,419.41,423.66,417,7.28M,1.19%
3-Dec-21,416.84,422.12,423.19,412.77,10.23M,-0.88%
2-Dec-21,420.56,414.3,422.02,414.06,10.42M,1.53%
1-Dec-21,414.24,424.51,427.21,414.07,8.37M,-1.15%
30-Nov-21,419.06,424.75,426.62,418.67,8.66M,-1.91%
29-Nov-21,427.24,426.73,428.97,424.56,6.30M,1.21%
26-Nov-21,422.14,425.19,426.52,420.9,7.70M,-2.18%
24-Nov-21,431.53,428.56,431.75,427.71,4.57M,0.25%
23-Nov-21,430.47,429.56,431.26,427.05,6.80M,0.13%
22-Nov-21,429.91,432.96,435.39,429.76,4.88M,-0.26%
19-Nov-21,431.05,431.87,432.99,430.38,4.89M,-0.19%
18-Nov-21,431.86,431.44,432.17,428.8,4.74M,0.35%
17-Nov-21,430.37,431.24,431.39,429.84,3.73M,-0.24%
16-Nov-21,431.41,429.62,432.58,429.51,3.27M,0.38%
15-Nov-21,429.77,430.87,430.93,428.69,3.12M,0.05%
12-Nov-21,429.57,427.66,430.17,426.73,3.66M,0.74%
11-Nov-21,426.4,427.7,427.82,426.39,3.63M,0.03%
10-Nov-21,426.26,428.04,429.7,424.81,6.35M,-0.81%
9-Nov-21,429.72,431.61,431.75,428.38,4.70M,-0.35%
8-Nov-21,431.23,431.9,432.31,430.5,3.51M,0.12%
5-Nov-21,430.71,431.55,432.76,429.3,4.94M,0.34%
4-Nov-21,429.25,427.82,429.37,427.54,4.29M,0.47%
3-Nov-21,427.25,424.13,427.57,423.69,3.56M,0.60%
2-Nov-21,424.69,423.16,424.95,423.04,2.99M,0.39%
1-Nov-21,423.05,423.2,423.53,421.29,3.94M,0.21%
29-Oct-21,422.16,419.15,422.52,418.87,4.64M,0.18%
28-Oct-21,421.41,418.79,421.41,418.79,3.64M,0.98%
27-Oct-21,417.33,419.62,420.24,417.29,2.87M,-0.43%
26-Oct-21,419.15,420.42,421.52,418.87,3.09M,0.10%
25-Oct-21,418.75,417.65,419.14,415.96,2.51M,0.52%
22-Oct-21,416.59,416.58,418,414.7,3.65M,-0.10%
21-Oct-21,417.01,415.29,417.24,414.95,2.58M,0.25%
20-Oct-21,415.99,414.78,416.21,414.65,3.21M,0.39%
19-Oct-21,414.38,412.84,414.38,412.17,2.84M,0.78%
18-Oct-21,411.18,408.2,411.46,407.53,3.40M,0.30%
15-Oct-21,409.93,408.92,410.26,408.27,3.50M,0.78%
14-Oct-21,406.76,403.72,406.95,403.23,3.79M,1.68%
13-Oct-21,400.04,399.64,400.88,396.75,6.49M,0.32%
12-Oct-21,398.76,400.48,400.88,397.9,6.20M,-0.20%
11-Oct-21,399.56,402.04,404.74,399.56,3.70M,-0.73%
8-Oct-21,402.49,404.04,404.39,401.94,3.96M,-0.19%
7-Oct-21,403.25,403.06,406.03,402.87,4.41M,0.86%
6-Oct-21,399.81,394.53,400.01,393.07,6.59M,0.44%
5-Oct-21,398.04,395.56,400.35,394.79,5.52M,0.97%
4-Oct-21,394.21,398.03,398.93,392,8.82M,-1.23%
1-Oct-21,399.12,396.23,400.85,392.77,8.48M,1.20%
30-Sep-21,394.4,400.76,401.52,394.39,9.51M,-1.27%
29-Sep-21,399.46,399.97,401.77,398.88,4.72M,-0.17%
28-Sep-21,400.14,405.2,405.81,399.4,8.23M,-2.00%
27-Sep-21,408.3,408.25,409.55,407.63,3.55M,-0.28%
24-Sep-21,409.46,407.17,410.13,406.95,3.42M,0.17%
23-Sep-21,408.78,405.65,410.32,405.47,4.10M,1.21%
22-Sep-21,403.9,402.27,405.83,401.31,6.00M,0.96%
21-Sep-21,400.04,402.79,403.86,399.49,6.42M,-0.10%
20-Sep-21,400.43,401.15,402.6,395.58,10.94M,-1.63%
17-Sep-21,407.08,410.35,410.78,406.77,5.40M,-0.98%
16-Sep-21,411.11,411.36,412.19,408.25,3.35M,-0.17%
15-Sep-21,411.82,408.73,412.24,407.72,3.89M,0.83%
14-Sep-21,408.41,412.1,412.15,407.5,3.66M,-0.52%
13-Sep-21,410.54,412.58,412.7,408.35,4.74M,0.23%
10-Sep-21,409.58,414.69,415.1,409.42,4.04M,-0.77%
9-Sep-21,412.77,414.35,416.04,412.57,3.89M,-0.45%
8-Sep-21,414.63,414.52,415.24,412.7,4.01M,-0.10%
7-Sep-21,415.03,416.2,416.2,414.43,3.54M,-0.37%
3-Sep-21,416.57,415.58,417.06,415.16,3.74M,-0.04%
2-Sep-21,416.73,416.83,417.43,415.5,2.84M,0.30%
1-Sep-21,415.49,416.06,416.58,415.17,3.26M,0.11%
31-Aug-21,415.05,415.66,416.02,414.58,6.06M,-0.17%
30-Aug-21,415.76,414.7,416.56,414.42,2.81M,0.46%
27-Aug-21,413.86,411.09,414.33,411.02,3.88M,0.89%
26-Aug-21,410.22,412.48,412.63,410.2,4.71M,-0.58%
25-Aug-21,412.63,412.09,413.21,411.67,3.26M,0.18%
24-Aug-21,411.87,411.86,412.35,411.35,3.01M,0.16%
23-Aug-21,411.22,409.31,412.08,409.31,3.26M,0.89%
20-Aug-21,407.61,404.68,407.92,404.26,3.26M,0.79%
19-Aug-21,404.41,401.04,405.5,400.94,5.51M,0.14%
18-Aug-21,403.84,406.99,408.72,403.56,4.88M,-1.08%
17-Aug-21,408.23,408.4,409.02,405.31,5.19M,-0.66%
16-Aug-21,410.94,408.82,411,407.15,3.39M,0.24%
13-Aug-21,409.96,409.64,409.96,409.18,2.25M,0.20%
12-Aug-21,409.15,407.85,409.33,406.98,2.32M,0.29%
11-Aug-21,407.96,408.01,408.07,406.91,3.55M,0.24%
10-Aug-21,406.98,406.93,407.67,406.28,2.40M,0.13%
9-Aug-21,406.47,406.86,407.03,405.72,1.98M,-0.10%
8-Aug-21,406.86,406.86,406.86,406.86,-,0.00%
7-Aug-21,406.86,406.86,406.86,406.86,-,0.00%
6-Aug-21,406.86,406.49,407.16,406.17,2.49M,0.17%
5-Aug-21,406.16,404.72,406.16,404.41,3.05M,0.62%
4-Aug-21,403.64,404.26,404.86,403.36,3.88M,-0.48%
3-Aug-21,405.58,403.13,405.58,400.92,4.13M,0.81%
2-Aug-21,402.33,404.82,405.29,402.03,5.81M,-0.20%
30-Jul-21,403.15,402.61,404.5,402.47,5.20M,-0.49%
29-Jul-21,405.13,404.35,406.13,404.35,2.27M,0.43%
28-Jul-21,403.39,404.18,404.74,402.05,3.76M,-0.05%
27-Jul-21,403.61,404.28,404.28,400.83,3.63M,-0.44%
26-Jul-21,405.41,403.84,405.41,403.84,2.37M,0.25%
23-Jul-21,404.38,402.17,404.75,401.58,3.15M,1.00%
22-Jul-21,400.38,399.71,400.56,398.7,2.58M,0.21%
21-Jul-21,399.53,397.48,399.62,397.27,3.00M,0.84%
20-Jul-21,396.2,391.35,397.5,390.01,4.04M,1.41%
19-Jul-21,390.68,391.78,392.26,387.93,12.34M,-1.50%
16-Jul-21,396.61,400.8,400.84,396.15,4.52M,-0.78%
15-Jul-21,399.72,399.86,400.37,397.82,4.48M,-0.32%
14-Jul-21,401.01,402.15,402.56,399.82,3.33M,0.14%
13-Jul-21,400.46,401.07,402.47,400.2,4.31M,-0.34%
12-Jul-21,401.82,400.31,401.97,399.88,2.93M,0.36%
9-Jul-21,400.37,397.63,400.57,397.43,3.33M,1.06%
8-Jul-21,396.19,393.98,396.87,393.07,5.82M,-0.80%
7-Jul-21,399.37,398.67,399.66,396.71,4.75M,0.34%
6-Jul-21,398,398.75,398.93,395.3,4.33M,-0.19%
5-Jul-21,398.75,398.75,398.75,398.75,-,0.00%
4-Jul-21,398.75,398.75,398.75,398.75,-,0.00%
3-Jul-21,398.75,398.75,398.75,398.75,-,0.00%
2-Jul-21,398.75,396.85,399.05,396.52,4.36M,0.76%
1-Jul-21,395.74,394.26,395.78,394.21,3.41M,0.56%
30-Jun-21,393.52,392.73,394.12,392.73,3.80M,0.09%
29-Jun-21,393.16,393.35,393.94,392.66,2.93M,-0.29%
28-Jun-21,394.32,394.03,394.44,392.83,2.42M,0.21%
25-Jun-21,393.5,392.97,393.91,392.57,2.86M,0.37%
24-Jun-21,392.05,391.97,392.51,391.68,2.99M,0.57%
23-Jun-21,389.82,390.37,391.14,389.75,2.40M,-0.11%
22-Jun-21,390.24,388.21,391.06,387.58,2.71M,0.53%
21-Jun-21,388.18,384.5,388.38,383.65,4.39M,1.40%
18-Jun-21,382.82,384.91,385.38,382.55,5.21M,-1.33%
17-Jun-21,387.97,387.62,388.91,385.5,4.07M,-0.04%
16-Jun-21,388.11,390.42,390.58,386.02,4.19M,-0.55%
15-Jun-21,390.25,391.15,391.2,389.41,2.41M,-0.21%
14-Jun-21,391.07,390.21,391.07,389,2.25M,0.25%
11-Jun-21,390.09,390,390.2,388.73,2.24M,0.17%
10-Jun-21,389.41,388.86,390.36,387.58,2.61M,0.46%
9-Jun-21,387.62,389.08,389.13,387.41,2.97M,-0.16%
8-Jun-21,388.23,389,389.08,386.44,2.39M,0.02%
7-Jun-21,388.17,388.52,388.69,387.25,2.50M,-0.08%
4-Jun-21,388.5,386.81,388.8,386.76,2.63M,0.91%
3-Jun-21,385.01,384.17,386.11,382.7,3.39M,-0.38%
2-Jun-21,386.48,386.45,387.24,385.47,3.21M,0.17%
1-Jun-21,385.83,388.5,388.62,385.38,4.39M,-0.08%
28-May-21,386.13,387.03,387.27,385.94,3.37M,0.19%
27-May-21,385.38,386.28,386.78,385.32,3.02M,0.04%
26-May-21,385.21,385.09,385.75,384.07,2.64M,0.18%
25-May-21,384.51,386.4,386.76,383.94,4.03M,-0.21%
24-May-21,385.32,383.69,386.4,383.44,2.96M,1.01%
21-May-21,381.47,383.23,384.45,381.01,3.57M,-0.08%
20-May-21,381.76,378.57,382.99,378.45,4.78M,1.07%
19-May-21,377.73,374.06,377.84,372.62,5.09M,-0.26%
18-May-21,378.73,382.25,382.47,378.54,3.13M,-0.86%
17-May-21,382.03,381.9,382.75,380,3.78M,-0.24%
14-May-21,382.95,379.81,383.79,379.81,5.17M,1.54%
13-May-21,377.16,374.21,379.05,374.17,7.19M,1.19%
12-May-21,372.73,378.04,379.27,372.13,7.71M,-2.13%
11-May-21,380.86,379.75,381.74,376.95,7.08M,-0.88%
10-May-21,384.23,388.41,388.66,384.09,5.94M,-0.98%
7-May-21,388.03,386.02,388.68,385.33,3.52M,0.71%
6-May-21,385.28,382.26,385.37,380.27,4.74M,0.81%
5-May-21,382.17,383.72,383.91,381.44,4.41M,0.02%
4-May-21,382.1,382.52,382.96,378.45,5.49M,-0.61%
3-May-21,384.44,385.56,385.94,383.96,4.18M,0.23%
30-Apr-21,383.57,383.91,384.76,382.73,5.22M,-0.66%
29-Apr-21,386.12,386.4,386.74,382.81,4.21M,0.67%
28-Apr-21,383.56,384.1,385.17,383.24,3.96M,-0.05%
27-Apr-21,383.74,384.2,384.38,382.72,3.37M,-0.03%
26-Apr-21,383.86,383.73,384.45,383.32,3.13M,0.22%
23-Apr-21,383.03,379.57,384.45,379.46,3.78M,1.07%
22-Apr-21,378.99,382.32,383.12,377.96,3.97M,-0.92%
21-Apr-21,382.5,378.28,382.67,378.14,3.64M,0.94%
20-Apr-21,378.94,380.49,381.16,377.46,4.11M,-0.73%
19-Apr-21,381.74,382.62,383.09,380.37,3.95M,-0.49%
16-Apr-21,383.63,383.56,384.15,382.19,3.25M,0.35%
15-Apr-21,382.29,380.33,382.54,380.28,3.57M,1.07%
14-Apr-21,378.23,379.46,380.51,377.7,3.69M,-0.32%
13-Apr-21,379.45,378.37,380.12,377.92,2.99M,0.27%
12-Apr-21,378.42,377.7,378.65,377.08,2.75M,0.04%
9-Apr-21,378.25,375.42,378.4,375.33,2.63M,0.72%
8-Apr-21,375.55,374.97,375.56,374.06,3.95M,0.49%
7-Apr-21,373.73,373.14,374.08,372.72,2.77M,0.13%
6-Apr-21,373.26,373.04,374.33,372.67,3.58M,-0.06%
5-Apr-21,373.47,370.89,374.07,370.81,3.76M,1.44%
1-Apr-21,368.16,366.2,368.29,366.03,5.13M,1.06%
31-Mar-21,364.3,363.39,365.82,363.39,7.47M,0.40%
30-Mar-21,362.86,362.56,363.47,361.27,3.70M,-0.26%
29-Mar-21,363.79,362.57,364.68,361.11,3.14M,-0.06%
26-Mar-21,364.01,359.37,364.37,358.75,3.32M,1.27%
25-Mar-21,359.43,356.08,360.24,354.14,5.49M,0.56%
24-Mar-21,357.42,360.71,362.27,357.42,4.10M,-0.55%
23-Mar-21,359.41,361.53,362.94,358.51,4.95M,-0.73%
22-Mar-21,362.07,359.79,363.5,359.76,3.42M,0.79%
19-Mar-21,359.23,359.65,361.17,357.14,5.38M,-0.18%
18-Mar-21,359.87,362.73,364.76,359.28,5.07M,-1.47%
17-Mar-21,365.24,362.83,366.05,361.62,5.01M,0.33%
16-Mar-21,364.05,365.12,365.78,363.25,3.70M,-0.11%
15-Mar-21,364.46,362.67,364.75,360.45,3.16M,0.58%
12-Mar-21,362.36,360.5,362.45,359.67,4.85M,0.14%
11-Mar-21,361.85,360.66,363.76,360.16,3.34M,1.06%
10-Mar-21,358.07,358.3,359.84,356.88,7.23M,0.62%
9-Mar-21,355.87,354.75,358.46,354.23,6.08M,1.40%
8-Mar-21,350.96,353.63,356.4,350.66,5.66M,-0.49%
5-Mar-21,352.69,349.77,353.73,342.59,8.72M,1.83%
4-Mar-21,346.34,350.49,353.02,341.92,6.60M,-1.23%
3-Mar-21,350.66,354.7,355.64,350.56,6.32M,-1.32%
2-Mar-21,355.35,358.38,358.63,355.16,5.46M,-0.77%
1-Mar-21,358.12,354.55,359.39,354.5,3.73M,2.44%
26-Feb-21,349.59,353.47,354.47,347.71,7.58M,-0.55%
25-Feb-21,351.52,359.03,360.27,350.08,7.05M,-2.40%
24-Feb-21,360.16,355.15,360.58,354.2,3.30M,1.11%
23-Feb-21,356.22,353.69,357.56,349.53,5.25M,0.13%
22-Feb-21,355.77,355.84,358.19,355.56,3.29M,-0.79%
19-Feb-21,358.59,360.47,360.71,358.14,2.49M,-0.18%
18-Feb-21,359.25,358.24,359.93,356.49,3.02M,-0.43%
17-Feb-21,360.79,359.03,360.97,357.92,3.22M,0.02%
16-Feb-21,360.71,362.15,362.37,359.98,4.41M,-0.09%
12-Feb-21,361.05,358.45,361.19,358.36,2.14M,0.51%
11-Feb-21,359.22,359.71,360.1,356.84,2.24M,0.16%
10-Feb-21,358.64,360.53,360.61,356.3,2.40M,-0.04%
9-Feb-21,358.78,358.22,359.33,357.77,1.89M,-0.08%
8-Feb-21,359.07,357.92,359.07,357.06,3.37M,0.74%
5-Feb-21,356.44,356.9,357.13,355.32,2.09M,0.40%
4-Feb-21,355.02,352.12,355.04,351.92,1.99M,1.12%
3-Feb-21,351.09,351.7,352.8,349.88,3.39M,0.10%
2-Feb-21,350.74,349.05,352.34,349,2.96M,1.44%
1-Feb-21,345.77,343.63,346.85,341.4,3.33M,1.64%
29-Jan-21,340.18,345.31,346.22,338.57,5.80M,-2.00%
28-Jan-21,347.13,345.97,351.07,345.58,3.43M,0.84%
27-Jan-21,344.24,349.54,349.56,341.99,5.01M,-2.43%
26-Jan-21,352.8,354.23,354.64,352.6,2.43M,-0.15%
25-Jan-21,353.33,352.71,353.68,347.97,3.55M,0.41%
22-Jan-21,351.9,351.38,353.04,350.99,1.81M,-0.36%
21-Jan-21,353.16,353.46,353.83,352.3,2.58M,0.09%
20-Jan-21,352.83,350.32,353.71,349.97,2.92M,1.36%
19-Jan-21,348.1,347.8,348.59,346.36,3.43M,0.79%
15-Jan-21,345.37,346.27,347.06,343.53,3.62M,-0.71%
14-Jan-21,347.85,349.85,350.32,347.55,3.50M,-0.34%
13-Jan-21,349.03,348.11,350.06,347.32,3.04M,0.25%
12-Jan-21,348.16,348.3,349.15,345.97,2.30M,0.01%
11-Jan-21,348.13,347.36,349.82,347.2,2.99M,-0.65%
8-Jan-21,350.42,349.88,350.62,346.64,3.76M,0.56%
7-Jan-21,348.46,345.74,349.2,345.54,3.64M,1.49%
6-Jan-21,343.33,339.79,346.5,339.3,4.80M,0.61%
5-Jan-21,341.26,338.4,342.39,338.39,3.30M,0.66%
4-Jan-21,339.03,345.02,345.09,335.37,5.40M,-1.36%
31-Dec-20,343.69,341.82,344.37,341.23,3.51M,0.54%
30-Dec-20,341.85,342.28,342.91,341.56,2.01M,0.13%
29-Dec-20,341.39,343.63,343.77,340.87,2.56M,-0.21%
28-Dec-20,342.11,341.74,342.46,341.09,2.80M,0.87%
24-Dec-20,339.16,338.37,339.18,337.77,1.45M,0.40%
23-Dec-20,337.81,338.54,339.75,337.69,3.68M,0.08%
22-Dec-20,337.54,338.47,338.55,336.47,2.38M,-0.60%
21-Dec-20,339.59,336.83,340.38,334.11,3.92M,-0.31%
18-Dec-20,340.64,342.39,342.5,338.7,6.03M,-0.40%
17-Dec-20,342.01,341.77,342.25,340.96,2.63M,0.54%
16-Dec-20,340.16,339.83,341.04,338.96,2.94M,0.15%
15-Dec-20,339.64,337.64,339.64,336.24,2.76M,1.38%
14-Dec-20,335.01,338.76,339.79,334.89,2.65M,-0.46%
11-Dec-20,336.55,335.31,336.8,333.77,2.39M,-0.13%
10-Dec-20,336.98,335.74,338,334.84,2.74M,-0.05%
9-Dec-20,337.14,340.79,340.93,336.26,2.55M,-0.89%
8-Dec-20,340.16,337.89,340.7,337.85,1.95M,0.29%
7-Dec-20,339.18,339.07,339.63,337.91,1.94M,-0.19%
4-Dec-20,339.81,337.5,339.84,337.45,2.91M,0.86%
3-Dec-20,336.91,336.91,338.3,335.88,2.85M,-0.03%
2-Dec-20,337.01,335.22,337.11,334.65,2.27M,0.21%
1-Dec-20,336.3,335.92,337.8,335.32,3.24M,1.10%
30-Nov-20,332.64,333.4,333.63,330.04,4.18M,-0.45%
27-Nov-20,334.14,334.29,334.61,333.18,984.71K,0.29%
25-Nov-20,333.19,333.67,333.67,332.15,2.26M,-0.16%
24-Nov-20,333.74,331.02,334.25,330.1,2.66M,1.62%
23-Nov-20,328.42,328.28,329.6,326.06,2.22M,0.59%
20-Nov-20,326.49,328.41,328.66,326.4,3.52M,-0.67%
19-Nov-20,328.69,326.76,329.09,325.41,2.96M,0.42%
18-Nov-20,327.32,331.63,332.14,327.29,2.65M,-1.21%
17-Nov-20,331.34,330.73,332.5,329.25,3.05M,-0.50%
16-Nov-20,333,331.65,333.12,330.4,3.02M,1.21%
13-Nov-20,329.01,326.45,329.73,325.89,2.00M,1.36%
12-Nov-20,324.6,326.74,327.44,322.73,2.54M,-0.92%
11-Nov-20,327.63,327.42,328.5,326.17,2.77M,0.70%
10-Nov-20,325.34,324.77,326.3,322.06,4.12M,-0.13%
9-Nov-20,325.76,334.36,335.2,325.28,8.10M,1.25%
6-Nov-20,321.75,321.44,322.92,319.43,3.64M,-0.01%
5-Nov-20,321.79,320.94,323.55,320.52,3.95M,1.96%
4-Nov-20,315.61,313.19,319.65,312,5.75M,2.25%
3-Nov-20,308.66,306.57,310.74,306.09,3.38M,1.76%
2-Nov-20,303.31,303.37,305.31,300.63,4.08M,1.16%
30-Oct-20,299.82,301.56,302.86,296.37,5.89M,-1.12%
29-Oct-20,303.23,300.32,306.25,298.69,5.37M,1.05%
28-Oct-20,300.07,305.13,305.74,299.62,5.65M,-3.44%
27-Oct-20,310.77,312.18,312.47,310.56,2.20M,-0.33%
26-Oct-20,311.8,314.31,315.08,308.36,3.34M,-1.84%
23-Oct-20,317.65,317.84,317.84,315.24,1.43M,0.34%
22-Oct-20,316.57,315.06,317.16,312.99,2.36M,0.55%
21-Oct-20,314.84,315.41,317.52,314.59,2.61M,-0.18%
20-Oct-20,315.41,315.48,318.67,314.78,3.07M,0.39%
19-Oct-20,314.17,320.3,320.89,313.33,2.23M,-1.51%
16-Oct-20,318.99,320.65,322.21,318.9,1.67M,-0.08%
15-Oct-20,319.26,315.71,319.7,315.23,2.49M,-0.12%
14-Oct-20,319.64,322.22,323.3,318.93,1.91M,-0.62%
13-Oct-20,321.65,323.64,323.73,320.71,2.23M,-0.64%
12-Oct-20,323.72,321.14,325.22,320.66,2.19M,1.61%
9-Oct-20,318.58,317.47,319.1,316.85,2.79M,0.89%
8-Oct-20,315.77,314.96,315.85,314.05,1.73M,0.88%
7-Oct-20,313,310.61,313.81,310.6,1.71M,1.72%
6-Oct-20,307.72,312.25,314.32,307.18,3.39M,-1.40%
5-Oct-20,312.08,308.69,312.29,308.69,2.36M,1.75%
4-Oct-20,306.72,306.72,306.72,306.72,-,0.00%
3-Oct-20,306.72,306.72,306.72,306.72,-,0.00%
2-Oct-20,306.72,304.72,308.58,304.21,3.13M,-0.93%
1-Oct-20,309.6,310.16,311.11,307.76,3.01M,0.63%
30-Sep-20,307.65,306.04,310.75,305.85,4.30M,0.77%
29-Sep-20,305.3,306.84,307.51,304.65,2.31M,-0.99%
28-Sep-20,308.36,307.42,309.02,306.43,2.44M,1.68%
27-Sep-20,303.28,303.28,303.28,303.28,-,0.00%
26-Sep-20,303.28,303.28,303.28,303.28,-,0.00%
25-Sep-20,303.28,297.57,304.04,296.72,2.68M,1.60%
24-Sep-20,298.5,296.31,301.46,295.04,3.13M,0.28%
23-Sep-20,297.68,305.28,305.55,297.17,2.76M,-2.32%
22-Sep-20,304.74,303.11,305.24,300.67,2.74M,1.01%
21-Sep-20,301.69,300.47,301.75,296.83,4.54M,-1.09%
18-Sep-20,305,309.44,309.48,302.55,3.42M,-1.16%
17-Sep-20,308.59,306.48,310.27,305.96,2.85M,-0.87%
16-Sep-20,311.31,313.81,315.18,311.04,2.32M,-0.40%
15-Sep-20,312.57,313.47,314.26,311.52,2.57M,0.51%
14-Sep-20,310.97,310.08,312.75,309.61,3.06M,1.30%
13-Sep-20,306.98,306.98,306.98,306.98,-,0.00%
11-Sep-20,306.98,308.55,309.59,304.17,3.69M,0.07%
10-Sep-20,306.75,314.05,314.71,305.82,3.59M,-1.75%
9-Sep-20,312.21,310.14,314.66,309.29,3.34M,1.97%
8-Sep-20,306.17,309.35,310.59,305.85,4.28M,-2.75%
4-Sep-20,314.82,317.77,319.6,306.9,5.13M,-0.80%
3-Sep-20,317.36,327.01,327.51,314.81,6.89M,-3.46%
2-Sep-20,328.74,325.94,329.67,324.78,5.27M,1.46%
1-Sep-20,324.02,321.81,324.1,320.94,3.01M,0.93%
31-Aug-20,321.02,321.98,322.83,320.8,5.07M,-0.35%
30-Aug-20,322.15,322.15,322.15,322.15,-,0.00%
28-Aug-20,322.15,321.14,322.28,319.95,3.54M,0.65%
27-Aug-20,320.07,320.22,321.5,318.47,2.30M,0.20%
26-Aug-20,319.43,316.75,319.63,316.25,2.61M,1.02%
25-Aug-20,316.2,315.69,316.26,314.5,2.89M,0.35%
24-Aug-20,315.1,314.36,315.17,313.37,2.35M,1.02%
23-Aug-20,311.93,311.93,311.93,311.93,-,0.00%
22-Aug-20,311.93,311.93,311.93,311.93,-,0.00%
21-Aug-20,311.93,310.48,312.1,310.17,2.32M,0.36%
20-Aug-20,310.82,308.11,311.27,308.02,2.41M,0.32%
19-Aug-20,309.84,311.55,312.28,309.31,2.50M,-0.42%
18-Aug-20,311.16,310.93,311.55,309.28,2.42M,0.21%
17-Aug-20,310.51,310.44,310.87,310.09,2.18M,0.32%
14-Aug-20,309.51,309.15,310.02,308.34,2.10M,0.00%
13-Aug-20,309.51,309.3,310.78,308.56,4.07M,-0.17%
12-Aug-20,310.04,308.25,310.81,308.2,2.95M,1.37%
11-Aug-20,305.85,309.52,310.12,305.07,3.57M,-0.81%
10-Aug-20,308.34,307.88,308.5,305.92,2.12M,0.32%
9-Aug-20,307.36,307.36,307.36,307.36,-,0.00%
8-Aug-20,307.36,307.36,307.36,307.36,-,0.00%
7-Aug-20,307.36,306.23,307.6,305.32,3.32M,0.05%
6-Aug-20,307.2,304.58,307.29,304.25,4.09M,0.67%
5-Aug-20,305.15,304.61,305.4,304.31,2.62M,0.62%
4-Aug-20,303.26,301.22,303.26,301.22,2.13M,0.42%
3-Aug-20,301.99,301.65,302.82,301.13,3.77M,0.63%
2-Aug-20,300.1,300.1,300.1,300.1,-,0.00%
31-Jul-20,300.1,299.45,300.1,295.24,4.46M,0.84%
30-Jul-20,297.61,295.74,298.06,293.67,2.95M,-0.36%
29-Jul-20,298.7,296,299.26,295.9,2.37M,1.21%
28-Jul-20,295.13,296.18,297.33,294.79,3.14M,-0.62%
27-Jul-20,296.97,295.48,297.12,294.74,2.25M,0.73%
26-Jul-20,294.82,294.82,294.82,294.82,-,0.00%
25-Jul-20,294.82,294.82,294.82,294.82,-,0.00%
24-Jul-20,294.82,294.86,295.81,293.3,2.85M,-0.65%
23-Jul-20,296.74,299.93,300.62,295.38,3.49M,-1.20%
22-Jul-20,300.33,298.22,300.56,298.11,4.12M,0.57%
21-Jul-20,298.63,299.86,300.35,297.66,3.31M,0.21%
20-Jul-20,298.01,295.33,298.68,294.6,2.54M,0.83%
17-Jul-20,295.55,295.72,296.35,293.75,2.25M,0.26%
16-Jul-20,294.77,293.8,295.11,293.15,3.08M,-0.29%
15-Jul-20,295.63,296.19,296.75,293.35,6.60M,0.89%
14-Jul-20,293.03,287.79,293.32,286.63,4.05M,1.34%
13-Jul-20,289.16,294.1,296.45,288.61,3.66M,-0.90%
12-Jul-20,291.8,291.8,291.8,291.8,-,0.00%
11-Jul-20,291.8,291.8,291.8,291.8,-,0.00%
10-Jul-20,291.8,288.72,292.01,287.34,2.71M,1.00%
9-Jul-20,288.9,291.02,291.3,285.41,3.16M,-0.51%
8-Jul-20,290.38,289,290.55,287.29,2.43M,0.74%
7-Jul-20,288.24,289.67,291.68,287.89,3.42M,-1.04%
6-Jul-20,291.26,290.67,291.58,289.9,3.57M,1.55%
5-Jul-20,286.81,286.81,286.81,286.81,-,0.00%
4-Jul-20,286.81,286.81,286.81,286.81,-,0.00%
2-Jul-20,286.81,288.76,290.05,286.18,3.66M,0.50%
1-Jul-20,285.37,284.37,286.51,283.95,3.71M,0.68%
30-Jun-20,283.43,279.29,284.95,279.15,5.22M,1.33%
29-Jun-20,279.7,276.89,279.72,274.72,3.46M,0.93%
26-Jun-20,277.11,282.72,282.92,276.52,4.48M,-2.34%
25-Jun-20,283.76,280.26,284.1,278.22,3.90M,1.06%
24-Jun-20,280.79,286.08,286.7,278.97,4.53M,-2.56%
23-Jun-20,288.16,289.51,290.43,287.76,2.50M,0.45%
22-Jun-20,286.86,284.35,287.19,283.26,2.52M,0.66%
19-Jun-20,284.97,290.04,290.27,283.67,3.48M,-0.59%
18-Jun-20,286.66,284.97,287.12,284.55,2.76M,0.09%
17-Jun-20,286.4,288.73,289.02,285.88,2.66M,-0.46%
16-Jun-20,287.72,290.05,290.2,282.83,5.29M,1.96%
15-Jun-20,282.2,273.91,283.35,272.77,4.43M,0.91%
12-Jun-20,279.65,283.35,284.15,274.5,6.23M,1.21%
11-Jun-20,276.32,286.36,294.5,275.8,7.75M,-5.76%
10-Jun-20,293.22,295.53,296.39,292.59,5.60M,-0.62%
9-Jun-20,295.06,294.49,296.39,293.63,4.69M,-0.71%
8-Jun-20,297.17,294.43,297.32,293.88,5.56M,1.21%
7-Jun-20,293.61,293.61,293.61,293.61,-,0.00%
5-Jun-20,293.61,291.63,295.38,291.61,6.02M,2.56%
4-Jun-20,286.29,286,287.75,284.2,3.82M,-0.25%
3-Jun-20,287.02,285.2,287.93,284.93,5.57M,1.32%
2-Jun-20,283.28,281.79,283.28,280.46,4.34M,0.82%
1-Jun-20,280.97,279.07,281.49,278.57,3.91M,0.44%
29-May-20,279.75,278.03,280.35,275.36,7.05M,0.45%
28-May-20,278.5,280.03,282.04,277.81,4.63M,-0.20%
27-May-20,279.05,277.78,279.05,272.86,5.15M,1.46%
26-May-20,275.04,277.53,277.74,274.55,4.91M,1.29%
22-May-20,271.55,270.76,271.72,269.5,2.30M,0.23%
21-May-20,270.94,272.8,273.59,269.95,3.58M,-0.72%
20-May-20,272.9,271.92,273.79,271.69,4.90M,1.63%
19-May-20,268.52,270.61,272.25,268.34,4.92M,-0.94%
18-May-20,271.08,269.32,272.7,269.06,6.77M,3.06%
15-May-20,263.04,259.54,263.11,258.56,3.39M,0.45%
14-May-20,261.86,256.33,262,253.97,7.74M,1.21%
13-May-20,258.74,262.87,263.9,256.36,5.62M,-1.77%
12-May-20,263.41,269.98,270.4,263.33,5.16M,-2.01%
11-May-20,268.82,266.78,270.2,266.43,3.47M,0.01%
8-May-20,268.78,267.53,269.14,266.38,3.21M,1.67%
7-May-20,264.36,264.45,266.3,263.9,3.41M,1.18%
6-May-20,261.27,264.71,265.11,261.14,3.02M,-0.67%
5-May-20,263.04,263.45,265.81,262.6,4.44M,0.92%
4-May-20,260.64,257.92,260.9,256.53,4.13M,0.32%
3-May-20,259.82,259.82,259.82,259.82,-,0.00%
2-May-20,259.82,259.82,259.82,259.82,-,0.00%
1-May-20,259.82,262.14,262.85,258.74,4.79M,-2.73%
30-Apr-20,267.1,268.08,268.58,265.23,7.39M,-0.87%
29-Apr-20,269.45,267.98,271,266.91,6.77M,2.58%
28-Apr-20,262.68,267.48,267.79,262.3,5.85M,-0.46%
27-Apr-20,263.9,262.01,264.91,261.57,3.89M,1.45%
24-Apr-20,260.14,258,260.7,255.94,4.77M,1.45%
23-Apr-20,256.42,257.75,260.9,256.2,7.67M,-0.02%
22-Apr-20,256.47,255.83,258.23,254.47,5.63M,2.20%
21-Apr-20,250.95,254.25,255.49,250,6.53M,-3.06%
20-Apr-20,258.86,259.65,263.1,258.58,6.50M,-1.80%
17-Apr-20,263.61,262.31,264,259.5,6.74M,2.76%
16-Apr-20,256.53,256.51,257.3,253.4,6.17M,0.51%
15-Apr-20,255.24,255.08,256.9,253.11,4.89M,-2.18%
14-Apr-20,260.92,258.24,261.63,257.21,6.63M,3.05%
13-Apr-20,253.19,254.64,254.95,249.38,7.67M,-0.97%
9-Apr-20,255.67,255.12,258.39,253.14,8.81M,1.48%
8-Apr-20,251.93,246.24,253.05,244.05,6.96M,3.39%
7-Apr-20,243.66,251.92,252.8,243.46,12.94M,0.05%
6-Apr-20,243.53,236.96,245.3,235.93,7.62M,6.80%
3-Apr-20,228.02,230.43,232.71,225.34,5.49M,-1.48%
2-Apr-20,231.44,225.33,232.18,224.72,6.55M,2.34%
1-Apr-20,226.15,227.92,231.05,224.13,13.71M,-4.51%
31-Mar-20,236.82,239.45,241.94,235.44,10.39M,-1.49%
30-Mar-20,240.39,234.92,241.1,232.97,8.73M,3.23%
28-Mar-20,232.86,232.86,232.86,232.86,-,0.00%
27-Mar-20,232.86,232.7,239.64,230.66,11.17M,-3.07%
26-Mar-20,240.24,229.27,241.44,228.85,12.41M,6.01%
25-Mar-20,226.62,225,235.51,220.32,11.88M,1.28%
24-Mar-20,223.75,216.39,224.3,214.83,13.16M,9.54%
23-Mar-20,204.27,209.63,210.78,200.55,14.13M,-3.07%
21-Mar-20,210.74,210.74,210.74,210.74,-,0.00%
20-Mar-20,210.74,222.8,224.56,210.05,11.53M,-4.36%
19-Mar-20,220.34,218.43,226,212.11,12.44M,0.09%
18-Mar-20,220.15,216.08,224.74,208.31,20.18M,-5.47%
17-Mar-20,232.88,223.75,233.95,216.6,15.12M,6.55%
16-Mar-20,218.57,222.85,234.77,218.14,17.27M,-11.74%
14-Mar-20,247.64,247.64,247.64,247.64,-,0.00%
13-Mar-20,247.64,240.66,247.78,228.1,19.53M,9.34%
12-Mar-20,226.48,234.94,243.68,225.81,24.67M,-9.67%
11-Mar-20,250.73,256.66,257.72,247.62,11.52M,-4.96%
10-Mar-20,263.81,260.48,263.81,250,10.88M,4.64%
9-Mar-20,252.11,253.89,260.99,251.15,16.43M,-7.72%
6-Mar-20,273.19,269.32,274.46,266.6,6.67M,-1.68%
5-Mar-20,277.85,280.3,283.41,275.61,6.22M,-3.35%
4-Mar-20,287.48,281.23,287.64,278.7,5.25M,4.14%
3-Mar-20,276.04,284.34,288.32,273.36,9.81M,-2.76%
2-Mar-20,283.87,274,284.04,270.49,12.43M,4.46%
28-Feb-20,271.74,265.32,272.92,262.25,23.32M,-0.60%
27-Feb-20,273.39,280.57,284.48,273.36,14.90M,-4.43%
26-Feb-20,286.07,288.61,292.28,285.48,10.28M,-0.44%
25-Feb-20,287.34,297.73,298.23,286.36,8.47M,-3.00%
24-Feb-20,296.24,296.96,299.38,295.17,7.10M,-3.34%
21-Feb-20,306.49,308.3,308.58,305.62,2.68M,-1.04%
20-Feb-20,309.7,310.35,311.19,306.67,4.62M,-0.39%
19-Feb-20,310.92,310.42,311.59,310.12,2.26M,0.48%
18-Feb-20,309.43,309.24,309.82,308.03,3.00M,-0.27%
17-Feb-20,310.28,310.28,310.28,310.28,-,0.00%
14-Feb-20,310.28,310.11,310.33,309,1.64M,0.17%
13-Feb-20,309.76,308.6,310.72,308.36,2.04M,-0.10%
12-Feb-20,310.06,309.56,310.27,309.17,2.12M,0.64%
11-Feb-20,308.08,308.93,309.69,307.61,2.44M,0.18%
10-Feb-20,307.52,304.39,307.56,304.35,2.25M,0.72%
7-Feb-20,305.33,305.83,306.59,304.74,2.25M,-0.51%
6-Feb-20,306.89,306.8,307.08,305.81,1.93M,0.34%
5-Feb-20,305.85,305.4,306.08,303.87,3.05M,1.13%
4-Feb-20,302.43,301.5,303.23,301.16,2.29M,1.54%
3-Feb-20,297.84,297.12,299.67,297.03,3.27M,0.73%
31-Jan-20,295.69,300.44,300.6,294.72,6.18M,-1.79%
30-Jan-20,301.09,298.04,301.29,297.3,4.43M,0.31%
29-Jan-20,300.15,301.78,301.94,299.92,2.75M,-0.10%
28-Jan-20,300.45,298.7,301.22,298.22,3.56M,1.08%
27-Jan-20,297.23,296.84,298.73,296.45,4.30M,-1.59%
24-Jan-20,302.03,305.42,305.52,300.81,3.45M,-0.91%
23-Jan-20,304.81,303.84,304.97,302.66,2.67M,0.10%
22-Jan-20,304.51,305.31,305.92,304.32,2.77M,0.03%
21-Jan-20,304.43,304.08,305.22,304,2.76M,-0.21%
17-Jan-20,305.06,304.77,305.2,304.2,2.22M,0.34%
16-Jan-20,304.03,302.94,304.04,302.71,2.58M,0.84%
15-Jan-20,301.51,300.81,302.3,300.69,2.82M,0.22%
14-Jan-20,300.84,300.89,301.91,300.32,2.62M,-0.13%
13-Jan-20,301.24,299.91,301.32,299.48,2.74M,0.66%
10-Jan-20,299.26,300.74,300.86,298.79,3.67M,-0.29%
9-Jan-20,300.12,299.73,300.19,299.09,2.17M,0.69%
8-Jan-20,298.06,296.71,299.31,296.47,3.72M,0.52%
7-Jan-20,296.53,296.82,297.27,296.06,2.38M,-0.28%
6-Jan-20,297.35,294.42,297.42,294.35,2.78M,0.37%
3-Jan-20,296.24,295.22,297.36,295.04,3.25M,-0.73%
2-Jan-20,298.42,297.29,298.45,296.34,3.15M,0.89%
31-Dec-19,295.8,294.53,295.99,294.17,2.51M,0.26%
30-Dec-19,295.04,296.75,296.84,294.51,2.35M,-0.55%
27-Dec-19,296.67,297.51,297.51,296.15,2.23M,0.00%
26-Dec-19,296.67,295.56,296.69,295.52,2.39M,0.51%
24-Dec-19,295.16,295.36,295.4,294.85,1.31M,0.00%
23-Dec-19,295.16,295.49,295.53,294.99,2.33M,-0.38%
20-Dec-19,296.3,295.89,296.76,295.78,4.99M,0.51%
19-Dec-19,294.8,293.78,294.88,293.75,2.33M,0.42%
18-Dec-19,293.58,294.02,294.22,293.57,3.30M,0.01%
17-Dec-19,293.56,293.99,294.19,293.5,3.66M,0.02%
16-Dec-19,293.5,293.26,294.11,293.22,3.14M,0.71%
13-Dec-19,291.44,291.09,292.76,290.3,3.52M,0.04%
12-Dec-19,291.33,288.85,292.1,288.61,3.28M,0.88%
11-Dec-19,288.79,288.45,289.08,288.08,1.84M,0.26%
10-Dec-19,288.04,288.31,288.94,287.35,1.82M,-0.09%
9-Dec-19,288.31,288.87,289.52,288.27,1.48M,-0.30%
6-Dec-19,289.19,288.58,289.65,288.55,1.61M,0.89%
5-Dec-19,286.64,286.83,286.83,285.29,1.60M,0.19%
4-Dec-19,286.11,285.41,286.7,285.07,3.19M,0.64%
3-Dec-19,284.29,283.52,284.43,282.1,3.25M,-0.70%
2-Dec-19,286.3,289.03,289.03,285.84,4.42M,-0.81%
29-Nov-19,288.65,289.25,289.48,288.48,1.99M,-0.38%
27-Nov-19,289.76,289.06,289.78,288.76,1.64M,0.47%
26-Nov-19,288.4,287.91,288.68,287.57,1.80M,0.20%
25-Nov-19,287.82,286.6,287.84,286.57,2.05M,0.76%
22-Nov-19,285.65,285.75,285.86,284.6,1.27M,0.22%
21-Nov-19,285.02,285.52,285.64,284.17,2.31M,-0.15%
20-Nov-19,285.46,285.91,286.42,283.89,2.83M,-0.35%
19-Nov-19,286.47,287.24,287.24,285.88,3.30M,-0.05%
18-Nov-19,286.61,286.18,286.85,285.71,2.29M,0.06%
15-Nov-19,286.43,285.64,286.43,285,1.89M,0.75%
14-Nov-19,284.31,283.64,284.4,282.99,2.25M,0.13%
13-Nov-19,283.93,282.83,284.32,282.59,1.73M,0.04%
12-Nov-19,283.81,283.58,284.72,283.03,1.74M,0.20%
11-Nov-19,283.25,282.43,283.37,282.24,1.13M,-0.19%
8-Nov-19,283.8,282.74,283.8,282,2.33M,0.24%
7-Nov-19,283.11,283.46,284.23,282.58,2.70M,0.35%
6-Nov-19,282.11,282.04,282.34,281.12,1.46M,0.05%
5-Nov-19,281.96,282.58,282.82,281.71,3.00M,-0.13%
4-Nov-19,282.32,282.79,282.9,281.96,3.80M,0.40%
1-Nov-19,281.2,280.05,281.21,279.91,2.37M,0.95%
31-Oct-19,278.55,279.35,279.35,277.15,2.31M,-0.32%
30-Oct-19,279.45,278.69,279.69,277.38,1.82M,0.35%
29-Oct-19,278.47,278.32,279.43,278.18,1.60M,-0.06%
28-Oct-19,278.65,278.22,279.07,278.22,1.80M,0.58%
25-Oct-19,277.04,275.33,277.54,275.28,5.50M,0.42%
24-Oct-19,275.89,276.38,276.5,275.05,2.22M,0.16%
23-Oct-19,275.44,274.41,275.48,274.18,1.30M,0.29%
22-Oct-19,274.63,276.09,276.33,274.52,1.60M,-0.35%
21-Oct-19,275.6,275.05,275.72,274.57,3.02M,0.70%
18-Oct-19,273.69,274.36,274.97,272.81,1.15M,-0.41%
17-Oct-19,274.82,275.24,275.72,274.19,3.10M,0.27%
16-Oct-19,274.08,274.07,274.73,273.62,1.15M,-0.16%
15-Oct-19,274.51,272.87,275.25,272.77,1.79M,0.97%
14-Oct-19,271.88,271.79,272.45,271.48,1.22M,-0.09%
11-Oct-19,272.13,272.1,274.35,271.94,2.81M,1.04%
10-Oct-19,269.32,267.42,270.2,267.25,1.58M,0.68%
9-Oct-19,267.5,267.04,268.44,266.39,1.97M,0.93%
8-Oct-19,265.03,267.28,268.02,264.96,2.16M,-1.55%
7-Oct-19,269.21,269.56,271.16,268.9,1.83M,-0.43%
4-Oct-19,270.37,267.45,270.56,267.36,1.91M,1.39%
3-Oct-19,266.67,264.35,266.73,261.59,3.00M,0.79%
2-Oct-19,264.57,267.73,267.73,263.25,4.47M,-1.76%
1-Oct-19,269.32,273.44,274.08,269.09,3.73M,-1.20%
30-Sep-19,272.6,271.82,273.26,271.79,2.74M,0.49%
27-Sep-19,271.26,273.56,273.59,269.72,2.84M,-0.56%
26-Sep-19,272.79,273.34,273.55,271.35,2.36M,-0.67%
25-Sep-19,274.63,273.08,275.08,271.6,2.65M,0.61%
24-Sep-19,272.96,276.31,276.68,272.06,5.13M,-0.83%
23-Sep-19,275.24,274.59,275.9,274.33,1.30M,0.07%
20-Sep-19,275.05,277.18,277.41,274.5,2.06M,-0.54%
19-Sep-19,276.53,277,277.98,276.23,2.27M,-0.02%
18-Sep-19,276.59,276,276.68,273.95,2.03M,0.06%
17-Sep-19,276.42,275.46,276.48,275.34,1.79M,0.27%
16-Sep-19,275.67,275.38,276.1,275.04,1.43M,-0.33%
13-Sep-19,276.58,277.21,277.54,276.15,2.29M,-0.03%
12-Sep-19,276.65,276.71,277.8,275.94,2.43M,0.29%
11-Sep-19,275.84,274.15,275.84,273.5,2.08M,0.72%
10-Sep-19,273.87,273.11,273.88,271.87,1.87M,0.02%
9-Sep-19,273.81,274.8,274.82,272.96,2.16M,0.03%
6-Sep-19,273.74,273.93,274.39,273.19,1.89M,0.07%
5-Sep-19,273.54,272.57,274.44,272.46,1.76M,1.32%
4-Sep-19,269.97,269.25,270.06,268.48,1.49M,1.07%
3-Sep-19,267.11,266.83,267.8,265.68,3.37M,-0.55%
30-Aug-19,268.6,270.15,270.21,267.66,4.21M,-0.04%
29-Aug-19,268.71,267.91,269.23,266.9,3.13M,1.30%
28-Aug-19,265.26,262.73,265.45,262,3.12M,0.69%
27-Aug-19,263.43,265.92,266.26,262.71,2.49M,-0.39%
26-Aug-19,264.47,263.81,264.47,262.27,2.27M,1.11%
23-Aug-19,261.57,267.19,268.84,260.33,4.22M,-2.57%
22-Aug-19,268.46,269.28,269.91,266.7,1.89M,-0.04%
21-Aug-19,268.56,268.58,268.93,267.92,2.01M,0.81%
20-Aug-19,266.4,267.98,268.49,266.29,1.87M,-0.77%
19-Aug-19,268.48,268.36,269.14,267.64,1.43M,1.23%
16-Aug-19,265.22,263.07,265.68,263.02,2.43M,1.47%
15-Aug-19,261.39,261.62,262.27,259.34,2.78M,0.31%
14-Aug-19,260.57,264.56,265.15,260.57,4.35M,-3.01%
13-Aug-19,268.66,264.22,270.1,263.91,3.41M,1.55%
12-Aug-19,264.56,266.24,266.79,263.56,2.10M,-1.17%
9-Aug-19,267.7,268.72,269.29,266,2.62M,-0.70%
8-Aug-19,269.58,266,269.59,265.4,3.62M,1.95%
7-Aug-19,264.42,261.16,265.23,258.99,4.26M,0.07%
6-Aug-19,264.24,262.53,264.47,261.06,4.37M,1.29%
5-Aug-19,260.88,264.57,264.68,258.7,7.35M,-2.95%
2-Aug-19,268.81,269.89,270.08,267.15,5.31M,-0.73%
1-Aug-19,270.79,273.28,276.28,269.94,6.92M,-0.84%
31-Jul-19,273.08,276.39,276.61,271.07,4.91M,-1.13%
30-Jul-19,276.21,275.45,276.56,275.04,1.75M,-0.24%
29-Jul-19,276.88,277.23,277.27,276.26,2.93M,-0.18%
26-Jul-19,277.38,276.2,277.55,276.1,1.80M,0.72%
25-Jul-19,275.41,276.41,276.41,274.68,1.87M,-0.49%
24-Jul-19,276.76,274.78,276.79,274.67,1.67M,0.46%
23-Jul-19,275.49,274.71,275.5,273.89,1.75M,0.69%
22-Jul-19,273.61,273.32,274.11,272.79,1.30M,0.24%
19-Jul-19,272.95,275.52,275.54,272.7,2.32M,-0.54%
18-Jul-19,274.42,272.91,274.79,272.47,3.46M,0.37%
17-Jul-19,273.42,275.28,275.4,273.42,1.76M,-0.68%
16-Jul-19,275.28,276.12,276.26,274.99,1.56M,-0.33%
15-Jul-19,276.18,276.53,276.55,275.71,1.47M,0.03%
12-Jul-19,276.11,275.39,276.19,275.06,2.93M,0.49%
11-Jul-19,274.76,274.87,275.11,273.85,2.25M,0.20%
10-Jul-19,274.21,274.02,275.19,273.46,2.85M,0.47%
9-Jul-19,272.94,271.4,273.22,271.34,2.53M,0.12%
8-Jul-19,272.6,272.79,273.06,272.03,3.13M,-0.50%
5-Jul-19,273.97,273.14,274.25,271.86,3.36M,-0.13%
3-Jul-19,274.32,272.91,274.37,272.76,2.34M,0.77%
2-Jul-19,272.23,271.47,272.25,270.62,3.04M,0.29%
1-Jul-19,271.44,272.46,272.65,270.3,4.51M,0.85%
28-Jun-19,269.15,268.7,269.55,268.18,2.88M,0.55%
27-Jun-19,267.67,267.49,268.19,267.17,2.05M,-0.17%
26-Jun-19,268.12,269.3,269.82,268.02,2.99M,-0.10%
25-Jun-19,268.38,271.1,271.13,268.27,2.29M,-0.99%
24-Jun-19,271.06,271.59,271.92,270.9,3.52M,-0.13%
21-Jun-19,271.41,271.53,272.79,271.17,2.23M,-0.12%
20-Jun-19,271.73,271.94,272.19,269.73,3.29M,0.93%
19-Jun-19,269.22,268.74,269.72,267.76,1.68M,0.26%
18-Jun-19,268.51,267.65,269.66,267.3,2.34M,1.00%
17-Jun-19,265.86,265.94,266.56,265.62,1.78M,0.09%
14-Jun-19,265.62,265.71,266.29,264.91,1.20M,-0.15%
13-Jun-19,266.02,265.82,266.36,265.11,1.81M,0.45%
12-Jun-19,264.84,265.12,265.7,264.36,1.71M,-0.19%
11-Jun-19,265.34,267.25,267.65,264.69,1.89M,-0.02%
10-Jun-19,265.39,265.76,267.1,265.3,2.85M,0.47%
7-Jun-19,264.15,262.62,265.29,262.45,1.88M,1.00%
6-Jun-19,261.54,260.17,262.25,259.51,2.28M,0.65%
5-Jun-19,259.85,259.24,259.88,257.42,2.65M,0.85%
4-Jun-19,257.67,254.48,257.76,254.03,3.54M,2.20%
3-Jun-19,252.12,252.83,253.96,250.77,3.83M,-0.30%
31-May-19,252.87,253.63,254.49,252.77,3.70M,-1.34%
30-May-19,256.3,256.28,257.18,255.14,2.98M,0.28%
29-May-19,255.59,256.13,256.52,254.1,4.59M,-0.69%
28-May-19,257.36,259.96,260.96,257.29,2.57M,-0.90%
24-May-19,259.69,260.6,260.99,259.06,1.83M,0.17%
23-May-19,259.24,260.08,260.1,257.68,3.81M,-1.17%
22-May-19,262.31,262.12,263.29,261.87,3.42M,-0.27%
21-May-19,263.03,262.5,263.51,262.25,2.76M,0.85%
20-May-19,260.82,260.9,262.11,260.02,2.76M,-0.68%
17-May-19,262.61,261.89,265.02,261.86,2.72M,-0.61%
16-May-19,264.21,262.47,265.6,262.45,3.22M,0.92%
15-May-19,261.81,258.63,262.45,258.4,2.44M,0.59%
14-May-19,260.27,258.99,261.82,258.84,4.70M,0.87%
13-May-19,258.03,259.37,260.34,257.07,5.55M,-2.45%
10-May-19,264.52,262.37,265.38,259.27,3.13M,0.47%
9-May-19,263.29,261.94,263.84,260.2,3.09M,-0.31%
8-May-19,264.1,264.14,265.82,263.47,2.66M,-0.20%
7-May-19,264.62,266.48,267.08,262.48,4.75M,-1.62%
6-May-19,268.98,265.65,269.36,265.31,3.97M,-0.40%
3-May-19,270.05,268.92,270.32,268.7,1.97M,0.95%
2-May-19,267.51,267.88,268.8,265.93,3.01M,-0.20%
1-May-19,268.04,270.68,270.87,268,2.67M,-0.73%
30-Apr-19,270.01,269.56,270.31,268.11,2.02M,0.06%
29-Apr-19,269.84,269.56,270.41,269.46,1.89M,0.13%
26-Apr-19,269.5,268.28,269.54,267.46,2.17M,0.46%
25-Apr-19,268.27,268.28,268.88,266.98,1.24M,-0.04%
24-Apr-19,268.37,268.89,269.21,268.23,1.39M,-0.20%
23-Apr-19,268.9,266.96,269.19,266.71,2.62M,0.86%
22-Apr-19,266.6,265.56,266.71,265.47,1.13M,0.10%
18-Apr-19,266.34,266.44,266.6,265.08,2.79M,0.19%
17-Apr-19,265.84,267.59,267.61,265.4,1.87M,-0.24%
16-Apr-19,266.49,267.2,267.24,265.86,2.45M,0.07%
15-Apr-19,266.3,266.57,266.64,265.47,1.58M,-0.07%
12-Apr-19,266.48,266.33,266.77,265.63,1.90M,0.68%
11-Apr-19,264.69,265.24,265.24,264.09,1.57M,-0.02%
10-Apr-19,264.74,264.25,264.84,263.85,2.99M,0.34%
9-Apr-19,263.83,264.22,264.54,263.29,2.02M,-0.53%
8-Apr-19,265.24,264.57,265.31,263.91,1.72M,0.09%
5-Apr-19,265.01,264.42,265.06,264.12,1.50M,0.48%
4-Apr-19,263.74,263.37,263.96,262.67,1.74M,0.24%
3-Apr-19,263.11,263.87,264.25,262.4,1.94M,0.19%
2-Apr-19,262.62,262.67,262.85,261.81,1.51M,0.03%
1-Apr-19,262.53,261.46,262.78,261.19,3.30M,1.15%
29-Mar-19,259.54,259.34,259.72,258.18,2.83M,0.64%
28-Mar-19,257.88,257.45,258.22,256.27,1.72M,0.39%
27-Mar-19,256.88,258.15,258.73,255.23,2.71M,-0.46%
26-Mar-19,258.08,258.01,259.12,256.73,3.18M,0.72%
25-Mar-19,256.23,256.09,257.28,254.95,2.89M,-0.09%
22-Mar-19,256.46,260.07,260.61,256.37,4.32M,-1.90%
21-Mar-19,261.43,257.68,261.86,257.68,2.97M,0.58%
20-Mar-19,259.93,260.54,261.77,258.84,3.42M,-0.36%
19-Mar-19,260.86,261.81,262.59,259.88,4.06M,0.03%
18-Mar-19,260.78,260,260.99,259.77,1.83M,0.36%
15-Mar-19,259.85,259.02,260.57,258.87,3.15M,0.49%
14-Mar-19,258.59,258.68,259.12,258.04,1.56M,-0.03%
13-Mar-19,258.68,257.84,259.59,257.69,1.97M,0.68%
12-Mar-19,256.93,256.52,257.46,256.37,2.27M,0.36%
11-Mar-19,256.02,253.04,256.12,253.02,1.88M,1.46%
8-Mar-19,252.34,250.88,252.45,250.34,4.52M,-0.20%
7-Mar-19,252.85,254.48,254.6,251.95,6.44M,-0.80%
6-Mar-19,254.9,256.62,256.62,254.6,2.51M,-0.64%
5-Mar-19,256.54,256.99,257.17,255.96,2.48M,-0.12%
4-Mar-19,256.84,258.87,259.1,254.49,3.38M,-0.38%
1-Mar-19,257.83,257.81,258.21,256.33,2.87M,0.69%
28-Feb-19,256.07,256.42,256.88,255.85,2.21M,-0.23%
27-Feb-19,256.67,256.06,257.02,255.1,2.14M,-0.05%
26-Feb-19,256.8,256.55,257.64,256.41,4.63M,-0.07%
25-Feb-19,256.99,258.09,258.61,256.88,2.94M,0.15%
22-Feb-19,256.61,255.69,256.81,255.45,2.12M,0.60%
21-Feb-19,255.08,255.33,255.64,254.04,2.02M,-0.36%
20-Feb-19,256.01,255.41,256.38,254.89,2.16M,0.23%
19-Feb-19,255.42,254.15,256.09,254.15,2.51M,0.17%
15-Feb-19,254.98,254.03,255,253.81,2.81M,1.10%
14-Feb-19,252.2,251.65,253.36,250.83,3.25M,-0.22%
13-Feb-19,252.76,252.82,253.66,252.39,3.57M,0.30%
12-Feb-19,252,250.38,252.36,250.34,5.98M,1.29%
11-Feb-19,248.78,249.28,249.51,248.22,2.99M,0.05%
8-Feb-19,248.65,247.01,248.71,246.2,2.51M,0.13%
7-Feb-19,248.33,249.04,249.58,246.62,3.91M,-0.98%
6-Feb-19,250.79,250.75,251.22,249.95,2.05M,-0.12%
5-Feb-19,251.1,250.44,251.33,249.92,3.61M,0.44%
4-Feb-19,249.99,248.3,250.02,247.59,2.54M,0.71%
1-Feb-19,248.22,248.31,249.29,247.46,3.72M,0.08%
31-Jan-19,248.01,245.86,248.53,245.68,5.31M,0.83%
30-Jan-19,245.96,243.66,246.78,242.88,6.03M,1.58%
29-Jan-19,242.13,242.55,243.12,241.27,2.44M,-0.12%
28-Jan-19,242.43,242.09,242.49,240.63,2.41M,-0.77%
25-Jan-19,244.32,244.11,245.11,243.67,3.68M,0.85%
24-Jan-19,242.26,241.9,242.82,240.91,2.20M,0.10%
23-Jan-19,242.02,242.68,243.34,239.58,3.08M,0.15%
22-Jan-19,241.66,243.39,243.58,239.97,5.79M,-1.33%
18-Jan-19,244.92,243.56,245.37,242.76,4.94M,1.34%
17-Jan-19,241.67,239,242.55,238.95,3.06M,0.75%
16-Jan-19,239.88,239.72,240.76,239.52,4.07M,0.22%
15-Jan-19,239.35,236.97,239.59,236.97,5.10M,1.17%
14-Jan-19,236.58,236.1,237.39,235.69,2.65M,-0.55%
11-Jan-19,237.89,236.85,238,236.24,2.55M,-0.05%
10-Jan-19,238,235.65,238.17,234.85,2.81M,0.42%
9-Jan-19,237.01,236.71,237.94,235.46,4.56M,0.46%
8-Jan-19,235.92,236.05,236.46,233.43,3.55M,0.97%
7-Jan-19,233.65,232.29,235.23,231.32,3.71M,0.75%
4-Jan-19,231.91,227.54,232.62,227.15,5.10M,3.30%
3-Jan-19,224.5,228.1,228.42,223.97,3.33M,-2.39%
2-Jan-19,229.99,226.18,230.85,226.02,4.89M,0.08%
31-Dec-18,229.81,229.31,229.97,227.45,6.68M,0.90%
28-Dec-18,227.76,229.32,231.07,226.52,7.44M,-0.13%
27-Dec-18,228.05,222.96,228.12,219.6,9.58M,0.93%
26-Dec-18,225.95,216.88,226.1,214.83,11.60M,5.06%
24-Dec-18,215.07,219.74,220.8,215.07,8.49M,-2.75%
21-Dec-18,221.16,226.74,229.46,220.57,11.81M,-1.99%
20-Dec-18,225.65,228.35,229.9,223.54,12.14M,-1.64%
19-Dec-18,229.42,233.21,237,227.78,8.22M,-1.60%
18-Dec-18,233.14,235,235.68,231.48,4.69M,-0.04%
17-Dec-18,233.23,237.06,238.22,231.68,6.13M,-2.57%
14-Dec-18,239.38,241.65,242.63,238.77,5.09M,-1.85%
13-Dec-18,243.88,244.86,245.76,242.7,2.61M,-0.03%
12-Dec-18,243.96,245.8,247.16,243.85,4.12M,0.55%
11-Dec-18,242.62,245.95,246.12,241.19,4.54M,0.03%
10-Dec-18,242.55,242,243.62,237.62,5.98M,0.12%
7-Dec-18,242.26,247.63,249.24,241.37,3.93M,-2.32%
6-Dec-18,248.02,244.42,248.09,241.13,7.71M,-0.25%
4-Dec-18,248.65,255.85,256.27,248.06,3.84M,-3.10%
3-Dec-18,256.61,257.65,257.74,255.06,3.94M,1.23%
30-Nov-18,253.48,251.64,253.94,251.35,2.99M,0.66%
29-Nov-18,251.81,251.54,253.25,250.36,3.28M,-0.21%
28-Nov-18,252.33,247.72,252.33,246.75,3.72M,2.34%
27-Nov-18,246.57,244.73,246.6,244.12,2.85M,0.31%
26-Nov-18,245.8,244.23,245.84,243.85,2.50M,1.57%
23-Nov-18,242.01,241.8,243.35,241.73,830.91K,-0.64%
21-Nov-18,243.58,244.24,245.44,243.52,2.43M,0.33%
20-Nov-18,242.77,243.84,245.32,241.83,5.00M,-1.84%
19-Nov-18,247.32,250.94,251.21,246.35,2.97M,-1.66%
16-Nov-18,251.49,249.77,252.47,249.26,2.34M,0.26%
15-Nov-18,250.85,247.02,251.39,245.43,3.96M,1.04%
14-Nov-18,248.28,251.96,252.34,246.66,3.62M,-0.68%
13-Nov-18,249.99,250.96,253.01,249.28,3.10M,-0.17%
12-Nov-18,250.41,254.69,254.96,249.95,2.71M,-1.93%
9-Nov-18,255.34,256.5,256.64,253.81,3.08M,-0.92%
8-Nov-18,257.72,257.49,258.44,256.65,2.47M,-0.17%
7-Nov-18,258.16,255.07,258.32,254.65,3.09M,2.11%
6-Nov-18,252.82,251.18,252.97,251.12,2.26M,0.63%
5-Nov-18,251.23,250.32,251.79,249.39,1.91M,0.57%
2-Nov-18,249.81,252.44,252.9,247.75,3.18M,-0.62%
1-Nov-18,251.37,249.63,251.54,248.46,2.87M,1.04%
31-Oct-18,248.79,248.72,251.08,248.27,4.07M,1.05%
30-Oct-18,246.21,242.31,246.38,241.8,3.62M,1.53%
29-Oct-18,242.5,247.03,248.35,238.79,5.13M,-0.52%
26-Oct-18,243.76,244.34,246.98,241.03,5.28M,-1.77%
25-Oct-18,248.15,245.71,249.79,244.67,4.44M,1.79%
24-Oct-18,243.78,251.19,251.55,243.25,4.07M,-2.98%
23-Oct-18,251.28,249,252.58,246.84,5.21M,-0.60%
22-Oct-18,252.8,254.55,254.86,252.17,2.10M,-0.41%
19-Oct-18,253.85,254.66,256.62,253.15,2.68M,-0.08%
18-Oct-18,254.05,256.75,257.35,252.69,3.05M,-1.40%
17-Oct-18,257.67,257.75,258.34,255.07,2.85M,0.03%
16-Oct-18,257.58,254.14,258.1,253.7,3.31M,2.13%
15-Oct-18,252.21,253.19,254.56,252.04,3.31M,-0.55%
12-Oct-18,253.6,254.39,254.64,250.3,7.12M,1.35%
11-Oct-18,250.22,254.81,256.29,248.45,9.04M,-2.10%
10-Oct-18,255.6,263.62,263.62,255.37,5.80M,-3.23%
9-Oct-18,264.13,264.1,265.45,263.55,2.08M,-0.13%
8-Oct-18,264.47,263.77,264.85,262.38,3.22M,-0.03%
5-Oct-18,264.54,266.19,266.77,263.02,2.56M,-0.56%
4-Oct-18,266.04,267.57,267.66,264.37,5.00M,-0.82%
3-Oct-18,268.24,269.02,269.47,267.72,2.51M,0.09%
2-Oct-18,268.01,267.97,268.67,267.55,3.03M,-0.01%
1-Oct-18,268.04,268.46,269.18,267.39,1.97M,0.37%
28-Sep-18,267.05,266.5,267.65,266.43,1.77M,-0.01%
27-Sep-18,267.08,266.88,268.24,266.6,3.08M,0.28%
26-Sep-18,266.34,267.32,268.54,265.95,2.57M,-0.74%
25-Sep-18,268.33,269.1,269.17,268.15,2.36M,-0.12%
24-Sep-18,268.66,268.93,269.07,268.02,2.07M,-0.33%
21-Sep-18,269.56,270.55,270.67,269.37,1.35M,-0.07%
20-Sep-18,269.75,268.89,270.1,268.79,3.35M,0.80%
19-Sep-18,267.6,267.35,268.03,267.23,2.08M,0.11%
18-Sep-18,267.3,266.1,267.92,266.09,1.82M,0.55%
17-Sep-18,265.85,267.22,267.26,265.59,2.52M,-0.56%
14-Sep-18,267.36,267.47,267.62,266.47,1.86M,0.05%
13-Sep-18,267.22,266.78,267.42,266.47,2.09M,0.57%
12-Sep-18,265.71,265.61,266.26,264.83,3.02M,0.01%
11-Sep-18,265.68,264.03,266.05,263.68,3.42M,0.38%
10-Sep-18,264.68,265.28,265.57,264.51,2.83M,0.19%
7-Sep-18,264.18,263.63,265.26,263.45,2.63M,-0.24%
6-Sep-18,264.82,265.69,265.99,263.7,1.69M,-0.29%
5-Sep-18,265.6,265.91,266.13,264.52,4.60M,-0.28%
4-Sep-18,266.35,266.35,266.66,265.26,3.62M,-0.14%
31-Aug-18,266.72,266.33,267.22,265.83,3.17M,0.00%
30-Aug-18,266.71,267.31,267.71,266.12,2.63M,-0.41%
29-Aug-18,267.8,266.59,268.05,266.34,2.12M,0.55%
28-Aug-18,266.34,266.76,266.83,265.89,3.03M,0.06%
27-Aug-18,266.19,265.38,266.35,265.26,2.37M,0.75%
24-Aug-18,264.2,263.16,264.29,263.11,2.33M,0.63%
23-Aug-18,262.55,262.68,263.63,262.21,2.31M,-0.14%
22-Aug-18,262.93,262.64,263.45,262.39,1.71M,-0.03%
21-Aug-18,263.01,263.01,263.97,262.86,1.94M,0.22%
20-Aug-18,262.44,262.4,262.74,261.9,1.25M,0.22%
17-Aug-18,261.86,260.71,262.38,260.35,2.28M,0.33%
16-Aug-18,260.99,260.36,261.89,260.35,1.69M,0.81%
15-Aug-18,258.89,259.43,259.55,257.39,2.59M,-0.74%
14-Aug-18,260.81,259.94,261.07,259.55,1.53M,0.64%
13-Aug-18,259.14,260.41,261.07,258.9,3.69M,-0.38%
10-Aug-18,260.12,260.36,260.96,259.43,2.40M,-0.68%
9-Aug-18,261.9,262.33,262.74,261.76,1.08M,-0.13%
8-Aug-18,262.23,262.23,262.67,261.79,1.56M,-0.05%
7-Aug-18,262.37,262.2,262.78,262.08,2.62M,0.28%
6-Aug-18,261.64,260.56,261.83,260.2,1.84M,0.38%
3-Aug-18,260.66,259.6,260.66,259.39,2.02M,0.49%
2-Aug-18,259.39,256.73,259.6,256.48,1.77M,0.51%
1-Aug-18,258.08,258.64,259.19,257.35,1.65M,-0.12%
31-Jul-18,258.4,258.02,259.09,257.6,1.99M,0.51%
30-Jul-18,257.1,258.6,258.78,256.64,1.60M,-0.58%
27-Jul-18,258.59,260.73,260.74,257.58,2.67M,-0.65%
26-Jul-18,260.28,260.14,261,260.1,2.17M,-0.29%
25-Jul-18,261.05,258.54,261.25,258.43,2.62M,0.92%
24-Jul-18,258.68,258.84,259.57,257.82,2.92M,0.47%
23-Jul-18,257.47,256.73,257.61,256.4,1.45M,0.19%
20-Jul-18,256.98,257,257.65,256.78,2.71M,-0.09%
19-Jul-18,257.22,257.5,257.9,256.75,2.05M,-0.38%
18-Jul-18,258.2,257.76,258.32,257.28,2.61M,0.18%
17-Jul-18,257.73,255.85,258.06,255.8,1.83M,0.43%
16-Jul-18,256.63,256.89,257.01,256.16,993.46K,-0.06%
13-Jul-18,256.79,256.49,257.16,255.99,1.81M,0.09%
12-Jul-18,256.57,255.66,256.66,255.01,2.87M,0.86%
11-Jul-18,254.39,254.6,255.41,254.03,2.34M,-0.68%
10-Jul-18,256.14,255.75,256.3,255.45,1.31M,0.35%
9-Jul-18,255.25,254.05,255.32,254.01,3.98M,0.89%
6-Jul-18,253.01,250.91,253.39,250.52,2.62M,0.83%
5-Jul-18,250.92,250.07,250.94,248.91,1.95M,0.86%
3-Jul-18,248.79,250.68,250.76,248.44,1.16M,-0.40%
2-Jul-18,249.8,247.56,249.89,247.32,1.94M,0.12%
29-Jun-18,249.51,249.98,251.36,249.1,3.71M,0.25%
28-Jun-18,248.88,247.3,249.6,246.63,2.64M,0.14%
27-Jun-18,248.53,251.27,252.73,248.43,3.43M,-0.83%
26-Jun-18,250.61,250.66,251.53,249.91,2.97M,0.22%
25-Jun-18,250.06,252.37,252.51,248.35,6.69M,-1.38%
22-Jun-18,253.57,254.4,254.52,253.32,3.09M,0.18%
21-Jun-18,253.12,254.66,254.67,252.58,4.04M,-0.62%
20-Jun-18,254.71,254.97,255.37,254.32,1.58M,0.18%
19-Jun-18,254.25,252.83,254.46,252.42,1.86M,-0.38%
18-Jun-18,255.22,254.18,255.36,253.71,2.02M,-0.24%
15-Jun-18,255.83,255.27,256.07,254.13,2.00M,-0.09%
14-Jun-18,256.05,256.31,256.62,255.46,1.91M,0.29%
13-Jun-18,255.31,256.53,256.77,255.23,2.51M,-0.40%
12-Jun-18,256.33,256.39,256.63,255.6,1.18M,0.17%
11-Jun-18,255.9,255.79,256.67,255.7,2.65M,0.13%
8-Jun-18,255.57,254.36,255.62,254.19,1.52M,0.31%
7-Jun-18,254.77,255.37,255.7,253.88,2.62M,-0.05%
6-Jun-18,254.89,253.37,254.96,252.72,2.76M,0.80%
5-Jun-18,252.87,252.66,253.13,251.87,1.49M,0.14%
4-Jun-18,252.52,252.17,252.8,251.96,2.03M,0.44%
1-Jun-18,251.41,250.23,251.65,250.17,1.95M,1.05%
31-May-18,248.79,249.99,250.3,248.28,2.38M,-0.65%
30-May-18,250.41,248.53,250.88,248.43,1.36M,1.32%
29-May-18,247.15,248.28,249.08,245.97,4.47M,-1.16%
25-May-18,250.04,250.04,250.64,249.49,1.65M,-0.25%
24-May-18,250.67,250.74,251,248.76,2.03M,-0.19%
23-May-18,251.15,249.12,251.15,248.95,1.48M,0.31%
22-May-18,250.37,251.67,251.94,250.1,1.06M,-0.29%
21-May-18,251.09,250.77,251.68,250.43,1.26M,0.73%
18-May-18,249.26,249.53,249.85,248.89,1.70M,-0.25%
17-May-18,249.88,249.79,250.99,249.08,1.71M,-0.08%
16-May-18,250.09,249.08,250.54,249.07,2.59M,0.43%
15-May-18,249.03,249.5,249.52,248.06,2.60M,-0.69%
14-May-18,250.75,251.12,251.76,250.21,1.48M,0.11%
11-May-18,250.47,250.04,250.92,249.48,1.70M,0.24%
10-May-18,249.86,248.36,250.2,248.25,1.54M,0.94%
9-May-18,247.54,245.86,247.9,245.36,1.51M,0.97%
8-May-18,245.16,244.83,245.53,243.57,1.92M,0.00%
7-May-18,245.17,245.19,246.19,244.46,3.13M,0.31%
4-May-18,244.41,240.25,245.06,239.89,1.79M,1.33%
3-May-18,241.21,240.88,241.9,237.92,2.67M,-0.24%
2-May-18,241.78,243.21,244.02,241.36,1.64M,-0.68%
1-May-18,243.44,242.45,243.52,240.76,2.32M,0.21%
30-Apr-18,242.92,245.51,246.05,242.85,2.15M,-0.82%
27-Apr-18,244.92,245.23,245.57,243.89,2.18M,0.11%
26-Apr-18,244.66,243.22,245.47,242.77,2.11M,1.03%
25-Apr-18,242.17,241.51,242.63,239.6,2.35M,0.26%
24-Apr-18,241.55,245.97,246.12,240.01,3.65M,-1.36%
23-Apr-18,244.89,245.55,246.08,243.75,1.47M,-0.04%
20-Apr-18,245,246.95,247.13,243.97,2.10M,-0.81%
19-Apr-18,247,247.62,247.89,245.96,2.00M,-0.55%
18-Apr-18,248.36,248.66,249.22,247.94,1.37M,0.06%
17-Apr-18,248.22,247.42,248.81,246.88,2.30M,1.08%
16-Apr-18,245.58,245.27,246.35,244.41,2.15M,0.81%
13-Apr-18,243.6,245.84,245.84,242.5,2.89M,-0.28%
12-Apr-18,244.28,243.71,245.25,243.47,1.72M,0.84%
11-Apr-18,242.25,242,243.99,241.95,2.07M,-0.53%
10-Apr-18,243.54,242.75,244.38,241.57,2.91M,1.65%
9-Apr-18,239.59,240.15,243.25,239.32,2.96M,0.41%
6-Apr-18,238.62,241.94,243.51,236.98,4.93M,-2.20%
5-Apr-18,243.99,243.9,244.89,242.8,3.44M,0.72%
4-Apr-18,242.24,235.87,242.81,235.7,4.60M,1.15%
3-Apr-18,239.48,237.81,240,235.93,3.29M,1.27%
2-Apr-18,236.48,241.19,241.7,233.92,4.70M,-2.31%
29-Mar-18,242.08,239.85,243.61,239.08,2.91M,1.44%
28-Mar-18,238.64,239.46,241.22,237.53,4.38M,-0.28%
27-Mar-18,239.31,244.47,245.04,237.77,3.36M,-1.73%
26-Mar-18,243.53,240.82,243.81,238.32,5.53M,2.28%
23-Mar-18,238.09,243.74,244.52,237.92,3.82M,-2.13%
22-Mar-18,243.27,247.11,248.08,243.03,3.59M,-2.49%
21-Mar-18,249.47,249.94,252.12,249.31,2.78M,-0.23%
20-Mar-18,250.05,249.99,250.66,249.33,1.99M,0.18%
19-Mar-18,249.61,252.25,252.26,247.87,2.72M,-1.34%
16-Mar-18,252.99,253.23,254.08,252.97,1.55M,0.10%
15-Mar-18,252.73,253.55,254.21,252.22,2.16M,-0.09%
14-Mar-18,252.97,255.33,255.51,252.46,2.35M,-0.53%
13-Mar-18,254.31,257.2,257.71,253.71,3.08M,-0.66%
12-Mar-18,256,256.64,257.25,255.58,2.03M,-0.10%
9-Mar-18,256.25,253.4,256.26,253.05,2.45M,1.73%
8-Mar-18,251.89,251.4,252.02,250.36,3.02M,0.47%
7-Mar-18,250.72,248.54,251.07,248.36,2.73M,-0.04%
6-Mar-18,250.83,251.22,251.25,249.23,1.93M,0.25%
5-Mar-18,250.2,246.02,250.79,245.95,3.02M,1.15%
2-Mar-18,247.36,244.24,247.86,243.33,3.28M,0.53%
1-Mar-18,246.05,249.53,251.03,244.45,5.18M,-1.32%
28-Feb-18,249.34,253.37,253.82,249.34,2.72M,-1.11%
27-Feb-18,252.14,255.63,256.34,252.14,2.95M,-1.28%
26-Feb-18,255.4,253.56,255.5,252.99,1.89M,1.15%
23-Feb-18,252.49,249.82,252.49,249.3,2.92M,1.64%
22-Feb-18,248.41,249.17,250.9,247.81,3.18M,0.12%
21-Feb-18,248.11,249.86,252.44,248.11,2.80M,-0.53%
20-Feb-18,249.42,250,251.51,248.6,3.45M,-0.61%
16-Feb-18,250.94,250.27,253,250.17,3.01M,-0.01%
15-Feb-18,250.97,249.6,250.97,246.98,2.92M,1.30%
14-Feb-18,247.76,243,248.12,242.84,3.65M,1.31%
13-Feb-18,244.56,242.63,245,241.97,3.08M,0.34%
12-Feb-18,243.74,242.5,245.32,240.66,4.24M,1.37%
9-Feb-18,240.44,239.6,242.2,232.42,9.71M,1.54%
8-Feb-18,236.79,246.25,246.43,236.7,6.99M,-3.72%
7-Feb-18,245.93,246.71,250.28,245.92,6.24M,-0.55%
6-Feb-18,247.28,238.8,247.81,237.67,11.70M,1.85%
5-Feb-18,242.79,251.26,253.47,241.92,8.56M,-4.11%
2-Feb-18,253.19,257.37,257.5,253.09,5.53M,-2.14%
1-Feb-18,258.73,258.29,260.12,257.95,3.13M,-0.10%
31-Jan-18,258.99,259.83,260.38,257.95,5.60M,0.09%
30-Jan-18,258.75,259.67,260.35,258.46,6.68M,-1.07%
29-Jan-18,261.54,262.83,263.25,261.48,5.15M,-0.69%
26-Jan-18,263.36,261.33,263.37,260.97,2.86M,1.16%
25-Jan-18,260.33,261.17,261.22,259.53,3.59M,0.05%
24-Jan-18,260.21,261.03,261.63,259.02,2.94M,-0.05%
23-Jan-18,260.34,259.84,260.63,259.51,2.16M,0.23%
22-Jan-18,259.75,257.45,259.78,257.45,1.61M,0.80%
19-Jan-18,257.68,257.15,257.69,256.53,2.54M,0.42%
18-Jan-18,256.59,256.84,257.27,256.02,3.15M,-0.14%
17-Jan-18,256.94,255.5,257.35,254.74,1.87M,0.97%
16-Jan-18,254.48,256.79,257.4,253.8,3.72M,-0.36%
12-Jan-18,255.41,254.03,255.56,253.9,2.05M,0.66%
11-Jan-18,253.73,252.47,253.73,252.33,2.28M,0.74%
10-Jan-18,251.87,251.51,252.17,250.82,1.95M,-0.17%
9-Jan-18,252.3,252.18,252.94,251.91,2.13M,0.21%
8-Jan-18,251.77,251.16,251.88,250.87,2.48M,0.21%
5-Jan-18,251.25,250.46,251.4,249.95,2.19M,0.64%
4-Jan-18,249.65,249.27,250.12,249.17,2.92M,0.44%
3-Jan-18,248.56,247.24,248.7,247.18,2.92M,0.59%
2-Jan-18,247.09,246.15,247.09,245.74,2.78M,0.73%
