Date,Price,Open,High,Low,Change %
31-Dec-21,1.512,1.512,1.526,1.491,0.35%
30-Dec-21,1.507,1.551,1.553,1.501,-3.21%
29-Dec-21,1.556,1.477,1.56,1.47,4.87%
28-Dec-21,1.484,1.479,1.491,1.455,0.47%
27-Dec-21,1.477,1.486,1.498,1.476,-0.57%
26-Dec-21,1.486,1.489,1.489,1.486,-0.46%
23-Dec-21,1.493,1.457,1.501,1.452,2.71%
22-Dec-21,1.453,1.45,1.486,1.448,-0.93%
21-Dec-21,1.467,1.421,1.498,1.414,2.75%
20-Dec-21,1.428,1.375,1.429,1.353,3.70%
19-Dec-21,1.377,1.38,1.38,1.375,-2.17%
17-Dec-21,1.407,1.424,1.434,1.372,-1.19%
16-Dec-21,1.424,1.462,1.482,1.412,-2.34%
15-Dec-21,1.458,1.443,1.484,1.424,1.19%
14-Dec-21,1.441,1.426,1.472,1.419,1.92%
13-Dec-21,1.414,1.494,1.508,1.412,-5.25%
12-Dec-21,1.492,1.482,1.492,1.482,0.70%
10-Dec-21,1.482,1.501,1.52,1.451,-1.02%
9-Dec-21,1.497,1.521,1.535,1.472,-2.02%
8-Dec-21,1.528,1.472,1.537,1.427,3.12%
7-Dec-21,1.482,1.429,1.487,1.427,3.45%
6-Dec-21,1.433,1.378,1.443,1.37,3.80%
5-Dec-21,1.38,1.378,1.38,1.378,1.74%
3-Dec-21,1.356,1.431,1.472,1.335,-6.09%
2-Dec-21,1.444,1.421,1.466,1.409,2.89%
1-Dec-21,1.404,1.477,1.506,1.402,-3.61%
30-Nov-21,1.456,1.511,1.524,1.412,-3.06%
29-Nov-21,1.502,1.531,1.565,1.497,-1.89%
28-Nov-21,1.531,1.541,1.541,1.531,3.34%
26-Nov-21,1.482,1.598,1.601,1.473,-7.18%
25-Nov-21,1.596,1.601,1.603,1.596,-2.83%
24-Nov-21,1.643,1.665,1.693,1.627,-1.96%
23-Nov-21,1.676,1.624,1.684,1.615,2.65%
22-Nov-21,1.632,1.56,1.634,1.546,4.75%
21-Nov-21,1.558,1.56,1.56,1.558,0.67%
19-Nov-21,1.548,1.587,1.608,1.515,-2.48%
18-Nov-21,1.587,1.599,1.613,1.574,0.11%
17-Nov-21,1.585,1.644,1.649,1.584,-3.35%
16-Nov-21,1.64,1.618,1.646,1.594,1.38%
15-Nov-21,1.618,1.575,1.632,1.541,2.84%
14-Nov-21,1.573,1.57,1.573,1.57,0.22%
12-Nov-21,1.57,1.577,1.589,1.541,-0.54%
11-Nov-21,1.578,1.585,1.585,1.578,0.54%
10-Nov-21,1.57,1.463,1.592,1.454,9.07%
9-Nov-21,1.439,1.49,1.49,1.415,-3.61%
8-Nov-21,1.493,1.464,1.504,1.46,2.15%
7-Nov-21,1.462,1.46,1.462,1.46,0.48%
5-Nov-21,1.455,1.545,1.552,1.436,-4.90%
4-Nov-21,1.53,1.593,1.609,1.509,-4.60%
3-Nov-21,1.603,1.554,1.609,1.519,3.65%
2-Nov-21,1.547,1.568,1.573,1.528,-0.90%
1-Nov-21,1.561,1.575,1.605,1.554,-1.00%
31-Oct-21,1.577,1.575,1.577,1.573,1.01%
29-Oct-21,1.561,1.568,1.619,1.536,-1.10%
28-Oct-21,1.578,1.541,1.584,1.53,1.81%
27-Oct-21,1.55,1.617,1.634,1.52,-3.70%
26-Oct-21,1.61,1.636,1.654,1.609,-1.40%
25-Oct-21,1.633,1.648,1.673,1.62,-0.96%
24-Oct-21,1.648,1.647,1.65,1.647,0.65%
22-Oct-21,1.638,1.692,1.699,1.634,-3.43%
21-Oct-21,1.696,1.665,1.705,1.638,2.14%
20-Oct-21,1.66,1.658,1.673,1.62,1.19%
19-Oct-21,1.641,1.591,1.646,1.566,3.10%
18-Oct-21,1.591,1.589,1.627,1.576,0.12%
17-Oct-21,1.589,1.591,1.591,1.589,1.00%
15-Oct-21,1.574,1.519,1.579,1.518,3.81%
14-Oct-21,1.516,1.547,1.566,1.507,-1.69%
13-Oct-21,1.542,1.572,1.602,1.526,-1.88%
12-Oct-21,1.572,1.629,1.631,1.565,-3.44%
11-Oct-21,1.628,1.622,1.628,1.622,0.98%
8-Oct-21,1.612,1.585,1.617,1.558,2.25%
7-Oct-21,1.576,1.531,1.58,1.512,3.19%
6-Oct-21,1.528,1.536,1.573,1.508,0.00%
5-Oct-21,1.528,1.486,1.54,1.472,3.17%
4-Oct-21,1.481,1.46,1.508,1.453,1.42%
3-Oct-21,1.46,1.462,1.462,1.46,-0.35%
1-Oct-21,1.465,1.501,1.51,1.462,-1.84%
30-Sep-21,1.492,1.51,1.557,1.484,-2.04%
29-Sep-21,1.524,1.55,1.56,1.494,-1.46%
28-Sep-21,1.546,1.484,1.567,1.475,3.72%
27-Sep-21,1.491,1.465,1.516,1.442,1.78%
26-Sep-21,1.465,1.463,1.465,1.463,0.83%
24-Sep-21,1.453,1.428,1.466,1.405,1.21%
23-Sep-21,1.435,1.309,1.437,1.309,10.07%
22-Sep-21,1.304,1.316,1.345,1.296,-1.79%
21-Sep-21,1.328,1.311,1.346,1.304,1.17%
20-Sep-21,1.312,1.362,1.372,1.297,-3.73%
19-Sep-21,1.363,1.363,1.363,1.363,0.00%
17-Sep-21,1.363,1.339,1.385,1.326,2.04%
16-Sep-21,1.336,1.304,1.351,1.294,2.47%
15-Sep-21,1.304,1.287,1.321,1.26,1.58%
14-Sep-21,1.284,1.326,1.35,1.263,-3.19%
13-Sep-21,1.326,1.343,1.35,1.316,-1.13%
12-Sep-21,1.341,1.343,1.343,1.341,-0.13%
10-Sep-21,1.343,1.304,1.355,1.3,3.52%
9-Sep-21,1.297,1.338,1.346,1.287,-2.90%
8-Sep-21,1.336,1.368,1.377,1.327,-2.96%
7-Sep-21,1.377,1.336,1.385,1.336,3.05%
6-Sep-21,1.336,1.334,1.336,1.334,0.77%
3-Sep-21,1.326,1.292,1.336,1.267,3.15%
2-Sep-21,1.285,1.304,1.305,1.283,-1.04%
1-Sep-21,1.299,1.317,1.334,1.283,-0.64%
31-Aug-21,1.307,1.28,1.316,1.27,2.10%
30-Aug-21,1.28,1.307,1.316,1.278,-2.18%
29-Aug-21,1.309,1.31,1.31,1.309,-0.13%
27-Aug-21,1.31,1.347,1.359,1.3,-3.23%
26-Aug-21,1.354,1.344,1.375,1.332,0.38%
25-Aug-21,1.349,1.295,1.352,1.283,4.02%
24-Aug-21,1.297,1.257,1.299,1.257,3.48%
23-Aug-21,1.253,1.26,1.283,1.252,-0.53%
22-Aug-21,1.26,1.258,1.26,1.258,0.40%
20-Aug-21,1.255,1.243,1.267,1.227,0.94%
19-Aug-21,1.243,1.263,1.267,1.22,-1.33%
18-Aug-21,1.26,1.26,1.3,1.255,-0.53%
17-Aug-21,1.267,1.263,1.273,1.217,-0.13%
16-Aug-21,1.268,1.285,1.285,1.223,-1.17%
15-Aug-21,1.283,1.285,1.285,1.283,0.00%
13-Aug-21,1.283,1.357,1.364,1.28,-5.68%
12-Aug-21,1.361,1.345,1.379,1.334,1.89%
11-Aug-21,1.335,1.357,1.378,1.302,-1.38%
10-Aug-21,1.354,1.322,1.357,1.307,2.17%
9-Aug-21,1.325,1.297,1.331,1.268,1.54%
6-Aug-21,1.305,1.227,1.305,1.225,6.54%
5-Aug-21,1.225,1.19,1.229,1.169,3.80%
4-Aug-21,1.18,1.177,1.215,1.127,0.56%
3-Aug-21,1.174,1.181,1.2,1.154,-0.43%
2-Aug-21,1.179,1.237,1.245,1.151,-3.81%
30-Jul-21,1.226,1.263,1.264,1.224,-3.18%
29-Jul-21,1.266,1.239,1.284,1.231,2.28%
28-Jul-21,1.238,1.243,1.278,1.226,-0.14%
27-Jul-21,1.239,1.29,1.29,1.229,-4.26%
26-Jul-21,1.295,1.283,1.296,1.221,0.90%
25-Jul-21,1.283,1.28,1.283,1.28,0.13%
23-Jul-21,1.281,1.268,1.311,1.268,0.37%
22-Jul-21,1.277,1.288,1.317,1.233,-1.17%
21-Jul-21,1.292,1.227,1.303,1.194,5.72%
20-Jul-21,1.222,1.209,1.225,1.128,1.93%
19-Jul-21,1.199,1.27,1.29,1.174,-5.51%
18-Jul-21,1.269,1.299,1.299,1.267,-2.44%
16-Jul-21,1.3,1.302,1.336,1.292,0.00%
15-Jul-21,1.301,1.346,1.349,1.292,-3.60%
14-Jul-21,1.349,1.415,1.423,1.347,-4.87%
13-Jul-21,1.418,1.366,1.422,1.343,3.69%
12-Jul-21,1.368,1.361,1.376,1.326,0.36%
11-Jul-21,1.363,1.36,1.363,1.36,0.12%
9-Jul-21,1.361,1.306,1.363,1.306,5.15%
8-Jul-21,1.294,1.32,1.321,1.25,-2.15%
7-Jul-21,1.323,1.357,1.368,1.296,-2.12%
6-Jul-21,1.352,1.439,1.449,1.348,-5.86%
5-Jul-21,1.436,1.437,1.437,1.436,0.35%
2-Jul-21,1.431,1.468,1.471,1.426,-1.98%
1-Jul-21,1.459,1.47,1.485,1.454,-0.58%
30-Jun-21,1.468,1.477,1.485,1.438,-0.46%
29-Jun-21,1.475,1.483,1.51,1.471,-0.46%
28-Jun-21,1.482,1.528,1.534,1.471,-3.00%
27-Jun-21,1.528,1.522,1.528,1.522,0.22%
25-Jun-21,1.524,1.494,1.544,1.478,1.69%
24-Jun-21,1.499,1.485,1.505,1.477,0.91%
23-Jun-21,1.485,1.468,1.499,1.458,1.27%
22-Jun-21,1.467,1.494,1.509,1.462,-2.04%
21-Jun-21,1.497,1.44,1.497,1.354,3.86%
20-Jun-21,1.441,1.441,1.441,1.441,-0.12%
18-Jun-21,1.443,1.516,1.524,1.438,-4.48%
17-Jun-21,1.511,1.587,1.594,1.472,-4.41%
16-Jun-21,1.581,1.496,1.594,1.482,6.15%
15-Jun-21,1.489,1.494,1.513,1.48,-0.56%
14-Jun-21,1.497,1.462,1.502,1.455,2.53%
13-Jun-21,1.46,1.459,1.46,1.459,0.47%
11-Jun-21,1.454,1.442,1.472,1.428,1.16%
10-Jun-21,1.437,1.491,1.535,1.435,-3.72%
9-Jun-21,1.492,1.536,1.536,1.472,-2.97%
8-Jun-21,1.538,1.57,1.574,1.513,-1.95%
7-Jun-21,1.569,1.567,1.582,1.564,0.00%
6-Jun-21,1.569,1.565,1.569,1.565,0.76%
4-Jun-21,1.557,1.628,1.635,1.555,-4.20%
3-Jun-21,1.625,1.586,1.63,1.584,2.25%
2-Jun-21,1.589,1.613,1.622,1.587,-1.06%
1-Jun-21,1.606,1.608,1.639,1.605,-0.21%
31-May-21,1.61,1.608,1.61,1.608,1.83%
28-May-21,1.581,1.615,1.623,1.577,-1.59%
27-May-21,1.606,1.581,1.625,1.571,1.61%
26-May-21,1.581,1.564,1.582,1.552,1.31%
25-May-21,1.56,1.608,1.61,1.554,-2.65%
24-May-21,1.603,1.62,1.627,1.596,-1.05%
23-May-21,1.62,1.622,1.622,1.62,-0.21%
21-May-21,1.623,1.635,1.64,1.613,-0.31%
20-May-21,1.628,1.673,1.68,1.625,-2.85%
19-May-21,1.676,1.642,1.692,1.62,2.19%
18-May-21,1.64,1.647,1.657,1.628,-0.72%
17-May-21,1.652,1.635,1.652,1.605,1.14%
16-May-21,1.633,1.635,1.635,1.633,-0.10%
14-May-21,1.635,1.663,1.668,1.625,-1.44%
13-May-21,1.659,1.702,1.707,1.651,-2.03%
12-May-21,1.693,1.629,1.701,1.609,4.42%
11-May-21,1.622,1.602,1.631,1.586,1.12%
10-May-21,1.604,1.586,1.609,1.559,1.24%
9-May-21,1.584,1.579,1.584,1.579,0.34%
7-May-21,1.579,1.566,1.584,1.469,0.59%
6-May-21,1.57,1.58,1.591,1.557,-0.11%
5-May-21,1.571,1.592,1.626,1.568,-1.21%
4-May-21,1.591,1.605,1.624,1.557,-0.55%
3-May-21,1.599,1.631,1.655,1.578,-1.63%
2-May-21,1.626,1.626,1.626,1.626,0.00%
30-Apr-21,1.626,1.645,1.659,1.62,-0.95%
29-Apr-21,1.641,1.615,1.69,1.615,1.89%
28-Apr-21,1.611,1.62,1.661,1.608,-0.87%
27-Apr-21,1.625,1.57,1.63,1.57,3.62%
26-Apr-21,1.568,1.563,1.599,1.556,0.35%
25-Apr-21,1.563,1.563,1.563,1.563,0.22%
23-Apr-21,1.559,1.547,1.582,1.531,1.16%
22-Apr-21,1.542,1.554,1.587,1.531,-1.12%
21-Apr-21,1.559,1.564,1.586,1.554,-0.45%
20-Apr-21,1.566,1.598,1.633,1.557,-2.73%
19-Apr-21,1.61,1.578,1.617,1.552,2.02%
18-Apr-21,1.578,1.574,1.578,1.574,-0.77%
16-Apr-21,1.59,1.565,1.599,1.552,1.03%
15-Apr-21,1.574,1.641,1.646,1.528,-3.67%
14-Apr-21,1.634,1.615,1.65,1.611,0.88%
13-Apr-21,1.62,1.676,1.703,1.616,-2.97%
12-Apr-21,1.669,1.674,1.685,1.644,-0.31%
11-Apr-21,1.674,1.674,1.674,1.674,0.75%
9-Apr-21,1.662,1.633,1.687,1.621,2.20%
8-Apr-21,1.626,1.669,1.674,1.617,-3.16%
7-Apr-21,1.679,1.663,1.679,1.628,1.29%
6-Apr-21,1.658,1.7,1.716,1.653,-2.91%
5-Apr-21,1.707,1.705,1.745,1.7,0.12%
4-Apr-21,1.705,1.7,1.705,1.7,1.94%
2-Apr-21,1.673,1.67,1.729,1.667,0.00%
1-Apr-21,1.673,1.737,1.753,1.672,-4.04%
31-Mar-21,1.744,1.717,1.753,1.708,1.99%
30-Mar-21,1.71,1.713,1.776,1.706,-0.41%
29-Mar-21,1.717,1.672,1.728,1.635,2.67%
28-Mar-21,1.672,1.671,1.672,1.671,-0.11%
26-Mar-21,1.674,1.626,1.681,1.619,2.51%
25-Mar-21,1.633,1.612,1.642,1.591,1.21%
24-Mar-21,1.614,1.615,1.651,1.589,-0.53%
23-Mar-21,1.622,1.682,1.702,1.615,-4.27%
22-Mar-21,1.695,1.707,1.709,1.663,-0.71%
21-Mar-21,1.707,1.71,1.71,1.707,-1.34%
19-Mar-21,1.73,1.71,1.75,1.671,1.38%
18-Mar-21,1.706,1.66,1.754,1.629,3.66%
17-Mar-21,1.646,1.621,1.689,1.616,1.53%
16-Mar-21,1.621,1.602,1.628,1.585,0.88%
15-Mar-21,1.607,1.637,1.639,1.595,-1.81%
14-Mar-21,1.637,1.639,1.639,1.637,0.76%
12-Mar-21,1.625,1.541,1.642,1.532,5.83%
11-Mar-21,1.535,1.521,1.547,1.475,0.92%
10-Mar-21,1.521,1.525,1.566,1.506,-0.45%
9-Mar-21,1.528,1.589,1.594,1.523,-4.67%
8-Mar-21,1.603,1.597,1.613,1.575,0.23%
7-Mar-21,1.599,1.597,1.599,1.597,1.44%
5-Mar-21,1.577,1.566,1.625,1.535,1.25%
4-Mar-21,1.557,1.486,1.569,1.45,4.91%
3-Mar-21,1.484,1.402,1.498,1.398,6.15%
2-Mar-21,1.398,1.424,1.453,1.39,-1.92%
1-Mar-21,1.426,1.395,1.46,1.383,2.21%
28-Feb-21,1.395,1.415,1.415,1.395,-0.85%
26-Feb-21,1.407,1.529,1.558,1.381,-8.08%
25-Feb-21,1.53,1.379,1.614,1.374,11.52%
24-Feb-21,1.372,1.343,1.435,1.33,2.16%
23-Feb-21,1.343,1.369,1.389,1.342,-1.86%
22-Feb-21,1.369,1.363,1.394,1.326,0.51%
21-Feb-21,1.362,1.367,1.367,1.362,1.65%
19-Feb-21,1.34,1.292,1.363,1.282,3.27%
18-Feb-21,1.297,1.274,1.318,1.258,1.19%
17-Feb-21,1.282,1.329,1.333,1.269,-2.18%
16-Feb-21,1.311,1.25,1.317,1.223,4.85%
15-Feb-21,1.25,1.25,1.25,1.25,3.32%
12-Feb-21,1.21,1.163,1.213,1.15,3.87%
11-Feb-21,1.165,1.147,1.166,1.132,3.61%
10-Feb-21,1.124,1.164,1.176,1.122,-3.10%
9-Feb-21,1.16,1.164,1.172,1.14,-1.32%
8-Feb-21,1.176,1.172,1.2,1.15,0.15%
7-Feb-21,1.174,1.177,1.177,1.174,0.44%
5-Feb-21,1.169,1.138,1.188,1.129,2.90%
4-Feb-21,1.136,1.143,1.162,1.131,-0.29%
3-Feb-21,1.139,1.108,1.141,1.105,4.07%
2-Feb-21,1.095,1.083,1.118,1.074,1.44%
1-Feb-21,1.079,1.071,1.089,1.06,0.79%
31-Jan-21,1.071,1.069,1.072,1.069,0.00%
29-Jan-21,1.071,1.048,1.105,1.042,1.80%
28-Jan-21,1.052,1.023,1.072,0.996,3.85%
27-Jan-21,1.013,1.04,1.05,1.001,-1.97%
26-Jan-21,1.033,1.043,1.053,1.028,0.00%
25-Jan-21,1.033,1.096,1.103,1.03,-5.73%
24-Jan-21,1.096,1.097,1.097,1.096,0.94%
22-Jan-21,1.086,1.113,1.118,1.08,-2.14%
21-Jan-21,1.109,1.085,1.123,1.077,3.01%
20-Jan-21,1.077,1.1,1.107,1.075,-1.39%
19-Jan-21,1.092,1.102,1.121,1.087,-0.77%
18-Jan-21,1.1,1.099,1.1,1.099,1.25%
15-Jan-21,1.087,1.128,1.128,1.084,-3.75%
14-Jan-21,1.129,1.085,1.138,1.075,3.44%
13-Jan-21,1.092,1.117,1.134,1.071,-3.31%
12-Jan-21,1.129,1.146,1.187,1.129,-1.33%
11-Jan-21,1.144,1.107,1.148,1.097,2.29%
10-Jan-21,1.119,1.119,1.119,1.119,0.00%
8-Jan-21,1.119,1.079,1.125,1.075,3.47%
7-Jan-21,1.081,1.037,1.088,1.029,4.07%
6-Jan-21,1.039,0.95,1.054,0.945,8.80%
5-Jan-21,0.955,0.922,0.963,0.916,4.00%
4-Jan-21,0.918,0.93,0.953,0.906,-1.25%
3-Jan-21,0.93,0.932,0.932,0.93,1.45%
31-Dec-20,0.916,0.927,0.937,0.911,-1.07%
30-Dec-20,0.926,0.935,0.956,0.923,-1.42%
29-Dec-20,0.94,0.936,0.951,0.928,1.80%
28-Dec-20,0.923,0.94,0.963,0.923,-1.59%
27-Dec-20,0.938,0.936,0.938,0.936,1.25%
24-Dec-20,0.926,0.951,0.955,0.921,-1.93%
23-Dec-20,0.945,0.918,0.973,0.903,2.53%
22-Dec-20,0.921,0.935,0.94,0.915,-1.77%
21-Dec-20,0.938,0.938,0.948,0.882,0.00%
20-Dec-20,0.938,0.936,0.938,0.936,-0.71%
18-Dec-20,0.945,0.931,0.951,0.915,1.07%
17-Dec-20,0.935,0.92,0.945,0.891,1.63%
16-Dec-20,0.92,0.911,0.955,0.901,0.91%
15-Dec-20,0.911,0.898,0.925,0.885,1.47%
14-Dec-20,0.898,0.911,0.939,0.888,-1.28%
13-Dec-20,0.91,0.908,0.91,0.908,1.48%
11-Dec-20,0.896,0.91,0.915,0.873,-1.09%
10-Dec-20,0.906,0.926,0.941,0.905,-3.35%
9-Dec-20,0.938,0.931,0.959,0.924,1.79%
8-Dec-20,0.921,0.928,0.941,0.893,-0.71%
7-Dec-20,0.928,0.974,0.974,0.924,-4.60%
4-Dec-20,0.973,0.91,0.986,0.901,6.73%
3-Dec-20,0.911,0.936,0.946,0.901,-2.82%
2-Dec-20,0.938,0.923,0.966,0.911,0.89%
1-Dec-20,0.929,0.847,0.938,0.834,10.34%
30-Nov-20,0.842,0.845,0.86,0.831,-0.19%
29-Nov-20,0.844,0.845,0.845,0.844,0.19%
27-Nov-20,0.842,0.859,0.868,0.839,-1.91%
26-Nov-20,0.859,0.855,0.859,0.855,-2.61%
25-Nov-20,0.882,0.887,0.9,0.855,-0.36%
24-Nov-20,0.885,0.872,0.888,0.854,3.05%
23-Nov-20,0.859,0.832,0.862,0.826,4.16%
22-Nov-20,0.824,0.824,0.824,0.824,0.00%
20-Nov-20,0.824,0.82,0.85,0.818,-2.14%
19-Nov-20,0.842,0.86,0.867,0.831,-3.20%
18-Nov-20,0.87,0.862,0.893,0.836,0.95%
17-Nov-20,0.862,0.905,0.916,0.859,-5.40%
16-Nov-20,0.911,0.9,0.931,0.873,1.10%
15-Nov-20,0.901,0.901,0.901,0.901,0.37%
13-Nov-20,0.898,0.885,0.901,0.864,1.66%
12-Nov-20,0.883,0.952,0.964,0.878,-9.59%
11-Nov-20,0.977,0.977,0.977,0.977,1.81%
10-Nov-20,0.96,0.927,0.973,0.908,3.90%
9-Nov-20,0.924,0.83,0.975,0.798,11.22%
8-Nov-20,0.83,0.834,0.834,0.83,1.24%
6-Nov-20,0.82,0.763,0.837,0.758,7.02%
5-Nov-20,0.766,0.756,0.79,0.718,-0.65%
4-Nov-20,0.771,0.928,0.945,0.756,-13.91%
3-Nov-20,0.896,0.852,0.901,0.852,5.18%
2-Nov-20,0.852,0.855,0.874,0.828,-0.78%
1-Nov-20,0.859,0.855,0.859,0.855,-1.74%
30-Oct-20,0.874,0.831,0.877,0.805,5.09%
29-Oct-20,0.831,0.779,0.841,0.769,7.37%
28-Oct-20,0.774,0.766,0.784,0.746,0.44%
27-Oct-20,0.771,0.794,0.809,0.768,-3.96%
26-Oct-20,0.803,0.828,0.831,0.791,-4.59%
23-Oct-20,0.841,0.858,0.872,0.831,-2.32%
22-Oct-20,0.861,0.814,0.87,0.804,4.92%
21-Oct-20,0.821,0.799,0.836,0.797,4.48%
20-Oct-20,0.786,0.769,0.801,0.764,1.74%
19-Oct-20,0.772,0.759,0.781,0.754,1.54%
18-Oct-20,0.761,0.762,0.762,0.761,1.56%
16-Oct-20,0.749,0.736,0.757,0.721,1.35%
15-Oct-20,0.739,0.724,0.74,0.691,1.61%
14-Oct-20,0.727,0.73,0.735,0.709,-0.23%
13-Oct-20,0.729,0.76,0.769,0.726,-4.56%
12-Oct-20,0.764,0.764,0.764,0.764,-1.93%
9-Oct-20,0.779,0.777,0.799,0.76,0.00%
8-Oct-20,0.779,0.78,0.787,0.762,-0.64%
7-Oct-20,0.784,0.74,0.797,0.739,6.80%
6-Oct-20,0.734,0.775,0.792,0.727,-5.76%
5-Oct-20,0.778,0.71,0.783,0.699,10.33%
4-Oct-20,0.706,0.709,0.709,0.706,0.24%
2-Oct-20,0.704,0.682,0.706,0.653,3.64%
1-Oct-20,0.679,0.689,0.72,0.669,-0.96%
30-Sep-20,0.686,0.651,0.704,0.641,5.30%
29-Sep-20,0.651,0.658,0.663,0.641,-0.99%
28-Sep-20,0.658,0.658,0.674,0.654,0.00%
27-Sep-20,0.658,0.656,0.658,0.656,0.24%
25-Sep-20,0.656,0.671,0.679,0.651,-1.71%
24-Sep-20,0.668,0.674,0.681,0.661,-1.45%
23-Sep-20,0.677,0.676,0.692,0.656,0.97%
22-Sep-20,0.671,0.666,0.681,0.659,0.25%
21-Sep-20,0.669,0.682,0.692,0.648,-4.00%
18-Sep-20,0.697,0.689,0.699,0.668,1.21%
17-Sep-20,0.689,0.69,0.692,0.646,-1.40%
16-Sep-20,0.698,0.672,0.702,0.656,2.65%
15-Sep-20,0.68,0.674,0.689,0.666,0.73%
14-Sep-20,0.676,0.672,0.68,0.651,0.73%
13-Sep-20,0.671,0.671,0.671,0.671,0.25%
11-Sep-20,0.669,0.68,0.697,0.664,-1.92%
10-Sep-20,0.682,0.698,0.723,0.677,-2.33%
9-Sep-20,0.698,0.667,0.71,0.659,2.40%
8-Sep-20,0.682,0.72,0.721,0.664,-5.24%
7-Sep-20,0.72,0.72,0.72,0.72,-0.22%
4-Sep-20,0.721,0.628,0.725,0.628,13.34%
3-Sep-20,0.636,0.648,0.669,0.604,-1.74%
2-Sep-20,0.648,0.675,0.693,0.643,-3.63%
1-Sep-20,0.672,0.713,0.731,0.669,-4.86%
31-Aug-20,0.706,0.723,0.749,0.692,-2.48%
30-Aug-20,0.724,0.724,0.724,0.724,0.00%
28-Aug-20,0.724,0.762,0.789,0.713,-3.90%
27-Aug-20,0.754,0.685,0.756,0.649,9.50%
26-Aug-20,0.688,0.687,0.721,0.685,0.00%
25-Aug-20,0.688,0.656,0.716,0.654,5.21%
24-Aug-20,0.654,0.632,0.657,0.622,3.59%
23-Aug-20,0.632,0.632,0.632,0.632,-0.75%
21-Aug-20,0.636,0.649,0.662,0.623,-2.48%
20-Aug-20,0.652,0.677,0.68,0.638,-4.74%
19-Aug-20,0.685,0.664,0.69,0.646,2.18%
18-Aug-20,0.67,0.682,0.688,0.657,-3.05%
17-Aug-20,0.692,0.713,0.714,0.667,-2.96%
16-Aug-20,0.713,0.711,0.713,0.711,0.45%
14-Aug-20,0.709,0.717,0.722,0.69,-1.13%
13-Aug-20,0.717,0.674,0.727,0.649,6.60%
12-Aug-20,0.673,0.632,0.691,0.625,4.65%
11-Aug-20,0.643,0.572,0.661,0.569,10.80%
10-Aug-20,0.581,0.571,0.581,0.544,2.62%
9-Aug-20,0.566,0.566,0.566,0.566,0.00%
7-Aug-20,0.566,0.533,0.569,0.516,5.17%
6-Aug-20,0.538,0.546,0.556,0.504,-2.09%
5-Aug-20,0.549,0.512,0.553,0.507,7.35%
4-Aug-20,0.512,0.556,0.563,0.505,-7.67%
3-Aug-20,0.554,0.535,0.572,0.535,3.98%
2-Aug-20,0.533,0.531,0.533,0.531,0.00%
31-Jul-20,0.533,0.543,0.564,0.52,-2.11%
30-Jul-20,0.545,0.572,0.579,0.536,-5.66%
29-Jul-20,0.577,0.579,0.595,0.564,-0.29%
28-Jul-20,0.579,0.615,0.637,0.576,-5.87%
27-Jul-20,0.615,0.59,0.618,0.569,3.59%
26-Jul-20,0.594,0.592,0.594,0.592,1.12%
24-Jul-20,0.587,0.581,0.597,0.556,1.70%
23-Jul-20,0.577,0.599,0.6,0.574,-3.83%
22-Jul-20,0.6,0.605,0.607,0.582,-0.81%
21-Jul-20,0.605,0.612,0.627,0.594,-1.34%
20-Jul-20,0.613,0.628,0.63,0.602,-1.57%
17-Jul-20,0.623,0.617,0.632,0.599,0.79%
16-Jul-20,0.618,0.628,0.635,0.6,-2.34%
15-Jul-20,0.633,0.638,0.658,0.617,1.31%
14-Jul-20,0.625,0.623,0.635,0.6,1.07%
13-Jul-20,0.618,0.63,0.664,0.617,-3.83%
10-Jul-20,0.643,0.618,0.648,0.569,4.81%
9-Jul-20,0.613,0.664,0.666,0.599,-7.88%
8-Jul-20,0.666,0.646,0.674,0.641,4.11%
7-Jul-20,0.64,0.679,0.691,0.633,-5.58%
6-Jul-20,0.678,0.676,0.712,0.674,0.24%
5-Jul-20,0.676,0.673,0.676,0.673,0.99%
2-Jul-20,0.669,0.679,0.724,0.664,-0.96%
1-Jul-20,0.676,0.658,0.702,0.658,2.75%
30-Jun-20,0.658,0.628,0.666,0.618,4.96%
29-Jun-20,0.627,0.632,0.656,0.622,-0.78%
28-Jun-20,0.632,0.635,0.635,0.632,-1.28%
26-Jun-20,0.64,0.682,0.686,0.632,-6.24%
25-Jun-20,0.682,0.674,0.689,0.656,0.49%
24-Jun-20,0.679,0.717,0.73,0.676,-5.05%
23-Jun-20,0.715,0.712,0.733,0.679,0.69%
22-Jun-20,0.71,0.695,0.712,0.674,2.38%
21-Jun-20,0.694,0.69,0.694,0.69,0.00%
19-Jun-20,0.694,0.707,0.745,0.687,-1.85%
18-Jun-20,0.707,0.731,0.731,0.692,-3.59%
17-Jun-20,0.733,0.763,0.763,0.725,-1.11%
16-Jun-20,0.741,0.756,0.784,0.723,2.97%
15-Jun-20,0.72,0.666,0.723,0.653,1.39%
12-Jun-20,0.71,0.677,0.721,0.664,6.65%
11-Jun-20,0.666,0.72,0.73,0.649,-9.58%
10-Jun-20,0.736,0.824,0.834,0.726,-10.62%
9-Jun-20,0.824,0.872,0.872,0.802,-6.24%
8-Jun-20,0.878,0.902,0.932,0.862,-2.41%
7-Jun-20,0.9,0.902,0.904,0.9,0.75%
5-Jun-20,0.893,0.817,0.959,0.799,8.29%
4-Jun-20,0.825,0.756,0.828,0.736,10.63%
3-Jun-20,0.746,0.692,0.771,0.685,8.59%
2-Jun-20,0.687,0.649,0.688,0.648,2.92%
1-Jun-20,0.667,0.64,0.687,0.638,4.07%
31-May-20,0.641,0.636,0.641,0.636,-1.75%
29-May-20,0.653,0.683,0.687,0.643,-6.32%
28-May-20,0.697,0.693,0.713,0.67,0.24%
27-May-20,0.695,0.69,0.729,0.661,0.00%
26-May-20,0.695,0.656,0.708,0.654,5.43%
25-May-20,0.659,0.657,0.659,0.657,0.26%
22-May-20,0.657,0.67,0.674,0.627,-3.34%
21-May-20,0.68,0.677,0.682,0.654,-1.42%
20-May-20,0.69,0.687,0.721,0.67,-0.23%
19-May-20,0.692,0.726,0.745,0.688,-4.71%
18-May-20,0.726,0.641,0.744,0.636,12.90%
17-May-20,0.643,0.643,0.643,0.643,-0.25%
15-May-20,0.644,0.627,0.649,0.59,4.46%
14-May-20,0.617,0.644,0.646,0.604,-5.69%
13-May-20,0.654,0.669,0.674,0.635,-1.89%
12-May-20,0.667,0.711,0.726,0.66,-5.66%
11-May-20,0.707,0.694,0.728,0.672,2.04%
10-May-20,0.693,0.691,0.693,0.691,1.15%
8-May-20,0.685,0.642,0.686,0.607,7.10%
7-May-20,0.639,0.687,0.717,0.62,-9.88%
6-May-20,0.709,0.678,0.743,0.668,7.18%
5-May-20,0.662,0.638,0.678,0.638,4.98%
4-May-20,0.631,0.605,0.651,0.596,2.01%
3-May-20,0.618,0.618,0.618,0.618,0.00%
1-May-20,0.618,0.63,0.648,0.594,-4.26%
30-Apr-20,0.646,0.622,0.65,0.581,2.72%
29-Apr-20,0.628,0.613,0.643,0.581,2.01%
28-Apr-20,0.616,0.665,0.673,0.594,-7.17%
27-Apr-20,0.664,0.605,0.665,0.601,9.61%
26-Apr-20,0.605,0.604,0.607,0.604,0.00%
24-Apr-20,0.605,0.605,0.621,0.579,0.40%
23-Apr-20,0.603,0.611,0.638,0.59,-2.33%
22-Apr-20,0.618,0.58,0.638,0.547,9.12%
21-Apr-20,0.566,0.616,0.623,0.543,-8.18%
20-Apr-20,0.616,0.642,0.651,0.609,-4.20%
19-Apr-20,0.643,0.643,0.643,0.643,0.25%
17-Apr-20,0.642,0.672,0.693,0.587,3.95%
16-Apr-20,0.617,0.638,0.658,0.594,-2.76%
15-Apr-20,0.635,0.746,0.752,0.618,-15.41%
14-Apr-20,0.75,0.765,0.776,0.728,-2.51%
13-Apr-20,0.77,0.725,0.776,0.719,6.11%
12-Apr-20,0.725,0.724,0.725,0.724,-0.44%
9-Apr-20,0.729,0.783,0.785,0.711,-5.45%
8-Apr-20,0.771,0.717,0.779,0.695,6.08%
7-Apr-20,0.726,0.695,0.785,0.678,7.19%
6-Apr-20,0.678,0.617,0.684,0.612,10.46%
5-Apr-20,0.613,0.612,0.613,0.612,2.35%
3-Apr-20,0.599,0.611,0.623,0.568,-1.91%
2-Apr-20,0.611,0.572,0.636,0.568,1.53%
1-Apr-20,0.602,0.663,0.676,0.571,-9.88%
31-Mar-20,0.668,0.722,0.731,0.651,-8.05%
30-Mar-20,0.726,0.667,0.731,0.599,9.20%
29-Mar-20,0.665,0.667,0.667,0.665,-1.63%
27-Mar-20,0.676,0.84,0.854,0.67,-20.25%
26-Mar-20,0.848,0.827,0.859,0.77,-2.41%
25-Mar-20,0.869,0.853,0.878,0.783,1.28%
24-Mar-20,0.858,0.775,0.898,0.774,12.48%
23-Mar-20,0.763,0.791,0.879,0.692,-3.82%
22-Mar-20,0.793,0.815,0.815,0.793,-10.44%
20-Mar-20,0.885,1.125,1.283,0.849,-23.58%
19-Mar-20,1.158,1.149,1.279,1.007,-2.10%
18-Mar-20,1.183,1.044,1.266,0.989,10.73%
17-Mar-20,1.069,0.747,1.105,0.74,44.37%
16-Mar-20,0.74,0.668,0.859,0.634,8.74%
15-Mar-20,0.681,0.67,0.703,0.67,-30.75%
13-Mar-20,0.983,0.823,1.023,0.725,21.03%
12-Mar-20,0.812,0.849,0.909,0.636,-7.45%
11-Mar-20,0.877,0.759,0.895,0.638,9.71%
10-Mar-20,0.8,0.617,0.813,0.565,43.00%
9-Mar-20,0.559,0.501,0.603,0.318,11.30%
8-Mar-20,0.502,0.507,0.507,0.495,-35.02%
6-Mar-20,0.773,0.918,0.92,0.66,-15.65%
5-Mar-20,0.917,1.054,1.054,0.899,-13.13%
4-Mar-20,1.055,0.984,1.064,0.931,5.65%
3-Mar-20,0.999,1.163,1.173,0.906,-13.27%
2-Mar-20,1.152,1.105,1.168,1.03,4.43%
1-Mar-20,1.103,1.106,1.106,1.098,-5.19%
28-Feb-20,1.163,1.282,1.289,1.116,-8.68%
27-Feb-20,1.274,1.33,1.335,1.241,-4.61%
26-Feb-20,1.335,1.359,1.382,1.301,-1.48%
25-Feb-20,1.355,1.387,1.416,1.307,-1.10%
24-Feb-20,1.37,1.456,1.456,1.352,-6.95%
23-Feb-20,1.473,1.473,1.473,1.473,0.00%
21-Feb-20,1.473,1.515,1.524,1.439,-3.01%
20-Feb-20,1.519,1.578,1.585,1.507,-3.14%
19-Feb-20,1.568,1.571,1.587,1.547,0.55%
18-Feb-20,1.559,1.576,1.58,1.537,-1.19%
17-Feb-20,1.578,1.578,1.578,1.578,-0.65%
14-Feb-20,1.588,1.609,1.616,1.573,-1.90%
13-Feb-20,1.619,1.607,1.626,1.568,-1.09%
12-Feb-20,1.637,1.607,1.638,1.597,2.15%
11-Feb-20,1.602,1.573,1.604,1.571,2.53%
10-Feb-20,1.563,1.561,1.599,1.542,0.22%
9-Feb-20,1.559,1.563,1.563,1.559,-1.41%
7-Feb-20,1.582,1.644,1.649,1.571,-3.78%
6-Feb-20,1.644,1.649,1.684,1.633,-0.32%
5-Feb-20,1.649,1.604,1.661,1.575,2.90%
4-Feb-20,1.603,1.52,1.618,1.517,5.05%
3-Feb-20,1.526,1.514,1.575,1.512,0.67%
2-Feb-20,1.515,1.52,1.52,1.515,0.68%
31-Jan-20,1.505,1.582,1.599,1.503,-5.38%
30-Jan-20,1.591,1.587,1.594,1.534,0.65%
29-Jan-20,1.581,1.648,1.667,1.579,-4.87%
28-Jan-20,1.661,1.612,1.663,1.57,2.99%
27-Jan-20,1.613,1.63,1.655,1.598,-0.95%
26-Jan-20,1.629,1.627,1.629,1.627,-3.38%
24-Jan-20,1.686,1.741,1.762,1.67,-2.61%
23-Jan-20,1.731,1.764,1.766,1.713,-2.16%
22-Jan-20,1.769,1.783,1.793,1.759,-0.29%
21-Jan-20,1.774,1.823,1.825,1.766,-2.68%
20-Jan-20,1.823,1.823,1.823,1.823,-0.10%
17-Jan-20,1.825,1.823,1.849,1.813,0.88%
16-Jan-20,1.809,1.792,1.82,1.776,1.27%
15-Jan-20,1.786,1.807,1.818,1.78,-1.45%
14-Jan-20,1.813,1.851,1.863,1.811,-1.89%
13-Jan-20,1.848,1.82,1.858,1.82,1.54%
12-Jan-20,1.82,1.82,1.82,1.82,0.00%
10-Jan-20,1.82,1.858,1.869,1.816,-1.88%
9-Jan-20,1.855,1.87,1.9,1.849,-1.03%
8-Jan-20,1.874,1.767,1.877,1.705,3.48%
7-Jan-20,1.811,1.813,1.828,1.795,0.10%
6-Jan-20,1.809,1.769,1.816,1.76,2.37%
5-Jan-20,1.767,1.769,1.769,1.767,-1.46%
3-Jan-20,1.793,1.842,1.844,1.786,-4.46%
2-Jan-20,1.877,1.919,1.946,1.851,-2.29%
1-Jan-20,1.921,1.921,1.921,1.921,0.09%
31-Dec-19,1.919,1.893,1.93,1.884,1.77%
30-Dec-19,1.886,1.875,1.94,1.872,0.66%
29-Dec-19,1.873,1.875,1.875,1.873,-0.19%
27-Dec-19,1.877,1.898,1.901,1.87,-0.92%
26-Dec-19,1.894,1.908,1.921,1.893,-0.64%
25-Dec-19,1.907,1.905,1.907,1.905,0.18%
24-Dec-19,1.903,1.928,1.949,1.901,-1.27%
23-Dec-19,1.928,1.921,1.94,1.894,0.36%
22-Dec-19,1.921,1.922,1.922,1.921,0.09%
20-Dec-19,1.919,1.924,1.947,1.912,-0.18%
19-Dec-19,1.922,1.922,1.952,1.898,0.00%
18-Dec-19,1.922,1.885,1.934,1.864,2.52%
17-Dec-19,1.875,1.87,1.894,1.852,0.10%
16-Dec-19,1.873,1.833,1.894,1.829,2.19%
15-Dec-19,1.833,1.835,1.835,1.833,0.48%
13-Dec-19,1.824,1.946,1.95,1.816,-3.77%
12-Dec-19,1.896,1.796,1.924,1.778,5.72%
11-Dec-19,1.793,1.84,1.842,1.781,-2.63%
10-Dec-19,1.842,1.819,1.849,1.8,1.14%
9-Dec-19,1.821,1.843,1.845,1.805,-1.22%
8-Dec-19,1.843,1.845,1.845,1.843,0.00%
6-Dec-19,1.843,1.807,1.864,1.788,1.92%
5-Dec-19,1.809,1.772,1.822,1.759,1.75%
4-Dec-19,1.778,1.724,1.791,1.699,3.50%
3-Dec-19,1.717,1.821,1.847,1.693,-5.76%
2-Dec-19,1.822,1.796,1.86,1.796,1.54%
1-Dec-19,1.795,1.791,1.795,1.791,1.17%
29-Nov-19,1.774,1.779,1.796,1.759,-0.20%
28-Nov-19,1.778,1.778,1.778,1.778,0.59%
27-Nov-19,1.767,1.747,1.778,1.738,1.48%
26-Nov-19,1.741,1.76,1.779,1.731,-0.59%
25-Nov-19,1.752,1.777,1.793,1.752,-1.55%
24-Nov-19,1.779,1.779,1.779,1.779,0.49%
22-Nov-19,1.771,1.771,1.789,1.745,-0.29%
21-Nov-19,1.776,1.735,1.786,1.707,1.67%
20-Nov-19,1.747,1.769,1.777,1.728,-2.21%
19-Nov-19,1.786,1.814,1.827,1.777,-1.61%
18-Nov-19,1.815,1.826,1.857,1.795,-0.48%
17-Nov-19,1.824,1.826,1.826,1.824,-0.65%
15-Nov-19,1.836,1.831,1.853,1.819,0.76%
14-Nov-19,1.822,1.884,1.893,1.805,-3.65%
13-Nov-19,1.891,1.929,1.931,1.863,-1.89%
12-Nov-19,1.928,1.923,1.959,1.905,0.27%
11-Nov-19,1.923,1.924,1.924,1.923,-1.16%
8-Nov-19,1.945,1.921,1.956,1.895,0.81%
7-Nov-19,1.929,1.82,1.973,1.803,5.43%
6-Nov-19,1.83,1.857,1.858,1.807,-1.43%
5-Nov-19,1.857,1.798,1.873,1.788,4.27%
4-Nov-19,1.781,1.754,1.793,1.74,3.89%
3-Nov-19,1.714,1.714,1.714,1.714,0.00%
1-Nov-19,1.714,1.689,1.745,1.67,1.56%
31-Oct-19,1.688,1.775,1.791,1.681,-4.93%
30-Oct-19,1.775,1.837,1.851,1.771,-3.36%
29-Oct-19,1.837,1.851,1.86,1.823,-0.48%
28-Oct-19,1.845,1.803,1.86,1.801,2.26%
27-Oct-19,1.805,1.803,1.805,1.803,0.29%
25-Oct-19,1.799,1.757,1.814,1.749,1.59%
24-Oct-19,1.771,1.761,1.784,1.738,0.20%
23-Oct-19,1.768,1.762,1.77,1.731,0.00%
22-Oct-19,1.768,1.805,1.81,1.762,-1.95%
21-Oct-19,1.803,1.74,1.805,1.738,3.63%
20-Oct-19,1.74,1.741,1.741,1.74,-0.80%
18-Oct-19,1.754,1.748,1.776,1.729,0.21%
17-Oct-19,1.75,1.732,1.799,1.722,0.30%
16-Oct-19,1.745,1.766,1.769,1.719,-1.49%
15-Oct-19,1.771,1.713,1.778,1.675,3.26%
14-Oct-19,1.715,1.712,1.717,1.712,-1.10%
11-Oct-19,1.734,1.663,1.767,1.64,3.86%
10-Oct-19,1.67,1.558,1.672,1.546,5.21%
9-Oct-19,1.587,1.531,1.594,1.526,3.58%
8-Oct-19,1.532,1.556,1.592,1.51,-2.08%
7-Oct-19,1.565,1.515,1.566,1.505,3.27%
6-Oct-19,1.515,1.52,1.52,1.515,-0.90%
4-Oct-19,1.529,1.536,1.556,1.507,-0.33%
3-Oct-19,1.534,1.592,1.599,1.509,-4.17%
2-Oct-19,1.601,1.639,1.668,1.58,-2.10%
1-Oct-19,1.635,1.67,1.757,1.613,-1.97%
30-Sep-19,1.668,1.685,1.713,1.665,-0.92%
29-Sep-19,1.684,1.684,1.684,1.684,-0.21%
27-Sep-19,1.687,1.692,1.725,1.673,-0.61%
26-Sep-19,1.697,1.727,1.727,1.675,-2.30%
25-Sep-19,1.737,1.649,1.739,1.63,5.13%
24-Sep-19,1.652,1.722,1.723,1.628,-4.11%
23-Sep-19,1.723,1.737,1.767,1.664,0.10%
22-Sep-19,1.722,1.722,1.722,1.722,0.00%
20-Sep-19,1.722,1.781,1.794,1.716,-3.69%
19-Sep-19,1.787,1.796,1.821,1.749,-0.68%
18-Sep-19,1.8,1.805,1.819,1.744,-0.57%
17-Sep-19,1.81,1.845,1.849,1.794,-1.80%
16-Sep-19,1.843,1.899,1.899,1.814,-3.05%
15-Sep-19,1.901,1.901,1.901,1.901,0.00%
13-Sep-19,1.901,1.777,1.908,1.766,6.89%
12-Sep-19,1.778,1.766,1.801,1.668,1.89%
11-Sep-19,1.745,1.73,1.752,1.707,0.10%
10-Sep-19,1.744,1.647,1.745,1.62,5.86%
9-Sep-19,1.647,1.559,1.649,1.553,5.58%
8-Sep-19,1.56,1.559,1.56,1.559,0.00%
6-Sep-19,1.56,1.559,1.608,1.54,-0.33%
5-Sep-19,1.565,1.472,1.591,1.469,6.43%
4-Sep-19,1.471,1.452,1.499,1.451,0.57%
3-Sep-19,1.462,1.508,1.537,1.429,-2.91%
2-Sep-19,1.506,1.51,1.51,1.506,0.45%
30-Aug-19,1.499,1.496,1.543,1.493,0.21%
29-Aug-19,1.496,1.468,1.535,1.444,1.94%
28-Aug-19,1.468,1.479,1.49,1.446,-0.45%
27-Aug-19,1.474,1.53,1.537,1.471,-4.16%
26-Aug-19,1.538,1.478,1.549,1.443,4.21%
25-Aug-19,1.476,1.473,1.476,1.473,-3.73%
23-Aug-19,1.533,1.613,1.663,1.506,-4.94%
22-Aug-19,1.613,1.588,1.628,1.555,1.39%
21-Aug-19,1.591,1.557,1.61,1.547,2.51%
20-Aug-19,1.552,1.591,1.598,1.54,-3.48%
19-Aug-19,1.608,1.572,1.625,1.569,2.15%
18-Aug-19,1.574,1.576,1.577,1.574,0.76%
16-Aug-19,1.562,1.523,1.594,1.508,4.04%
15-Aug-19,1.502,1.589,1.594,1.475,-5.11%
14-Aug-19,1.583,1.693,1.695,1.574,-7.00%
13-Aug-19,1.702,1.654,1.717,1.618,3.75%
12-Aug-19,1.64,1.748,1.748,1.628,-5.98%
11-Aug-19,1.745,1.745,1.745,1.745,0.00%
9-Aug-19,1.745,1.698,1.748,1.679,1.50%
8-Aug-19,1.719,1.709,1.793,1.705,-0.10%
7-Aug-19,1.721,1.696,1.736,1.595,0.29%
6-Aug-19,1.716,1.677,1.773,1.672,-0.10%
5-Aug-19,1.718,1.855,1.859,1.709,-7.17%
4-Aug-19,1.85,1.854,1.854,1.85,0.37%
2-Aug-19,1.843,1.897,1.912,1.832,-3.09%
1-Aug-19,1.902,2.025,2.061,1.876,-5.25%
31-Jul-19,2.007,2.058,2.072,2.006,-2.53%
30-Jul-19,2.06,2.062,2.075,2.04,-0.17%
29-Jul-19,2.063,2.067,2.07,2.048,-0.26%
28-Jul-19,2.069,2.076,2.076,2.067,-0.25%
26-Jul-19,2.074,2.081,2.1,2.063,-0.43%
25-Jul-19,2.083,2.043,2.1,2.011,1.61%
24-Jul-19,2.05,2.085,2.085,2.038,-1.35%
23-Jul-19,2.078,2.05,2.085,2.043,1.36%
22-Jul-19,2.05,2.057,2.067,2.027,-0.43%
21-Jul-19,2.059,2.06,2.06,2.059,0.09%
19-Jul-19,2.057,2.042,2.064,2.035,1.53%
18-Jul-19,2.026,2.054,2.078,2.023,-0.86%
17-Jul-19,2.043,2.108,2.111,2.043,-2.98%
16-Jul-19,2.106,2.09,2.143,2.083,0.75%
15-Jul-19,2.09,2.15,2.15,2.087,-1.57%
14-Jul-19,2.124,2.124,2.124,2.124,0.00%
12-Jul-19,2.124,2.136,2.15,2.105,-0.91%
11-Jul-19,2.143,2.053,2.15,2.037,3.97%
10-Jul-19,2.061,2.067,2.113,2.039,-0.51%
9-Jul-19,2.072,2.039,2.072,2.034,1.18%
8-Jul-19,2.048,2.041,2.053,2.01,0.25%
7-Jul-19,2.043,2.043,2.043,2.043,0.17%
5-Jul-19,2.039,1.945,2.068,1.941,4.67%
4-Jul-19,1.948,1.946,1.948,1.946,-0.26%
3-Jul-19,1.953,1.972,1.972,1.939,-1.14%
2-Jul-19,1.976,2.017,2.024,1.974,-2.80%
1-Jul-19,2.033,2.045,2.048,2.005,-0.60%
30-Jun-19,2.045,2.038,2.045,2.038,1.89%
28-Jun-19,2.007,2.017,2.033,1.998,-0.36%
27-Jun-19,2.014,2.045,2.073,2.004,-1.77%
26-Jun-19,2.05,1.999,2.052,1.997,3.11%
25-Jun-19,1.988,2.014,2.025,1.982,-1.45%
24-Jun-19,2.018,2.059,2.066,2.014,-2.01%
23-Jun-19,2.059,2.057,2.061,2.057,0.00%
21-Jun-19,2.059,2.018,2.069,1.999,1.77%
20-Jun-19,2.023,2.027,2.039,1.974,-0.26%
19-Jun-19,2.029,2.063,2.099,2.02,-1.42%
18-Jun-19,2.058,2.091,2.098,2.016,-1.57%
17-Jun-19,2.091,2.092,2.115,2.079,-0.09%
16-Jun-19,2.092,2.087,2.094,2.087,0.41%
14-Jun-19,2.084,2.086,2.11,2.058,-0.42%
13-Jun-19,2.093,2.124,2.129,2.082,-1.39%
12-Jun-19,2.122,2.138,2.143,2.11,-1.05%
11-Jun-19,2.145,2.141,2.178,2.138,-0.25%
10-Jun-19,2.15,2.122,2.152,2.112,1.39%
9-Jun-19,2.121,2.122,2.122,2.121,1.74%
7-Jun-19,2.084,2.128,2.133,2.053,-1.72%
6-Jun-19,2.121,2.126,2.136,2.092,-0.49%
5-Jun-19,2.131,2.131,2.136,2.078,0.49%
4-Jun-19,2.121,2.083,2.147,2.083,2.24%
3-Jun-19,2.075,2.126,2.135,2.061,-2.36%
2-Jun-19,2.125,2.128,2.128,2.125,-0.40%
31-May-19,2.133,2.191,2.194,2.126,-3.77%
30-May-19,2.217,2.262,2.285,2.211,-2.01%
29-May-19,2.262,2.266,2.267,2.21,-0.23%
28-May-19,2.267,2.308,2.317,2.262,-1.83%
27-May-19,2.31,2.31,2.31,2.31,-0.60%
24-May-19,2.324,2.32,2.334,2.308,0.07%
23-May-19,2.322,2.386,2.386,2.292,-2.45%
22-May-19,2.38,2.426,2.434,2.38,-1.97%
21-May-19,2.428,2.416,2.441,2.407,0.37%
20-May-19,2.419,2.4,2.419,2.38,0.74%
19-May-19,2.401,2.394,2.401,2.394,0.37%
17-May-19,2.393,2.396,2.409,2.364,-0.07%
16-May-19,2.394,2.373,2.416,2.354,0.74%
15-May-19,2.377,2.409,2.419,2.361,-1.54%
14-May-19,2.414,2.401,2.428,2.394,0.44%
13-May-19,2.403,2.433,2.442,2.389,-1.31%
12-May-19,2.435,2.437,2.437,2.435,-1.51%
10-May-19,2.473,2.455,2.473,2.426,0.80%
9-May-19,2.453,2.476,2.48,2.424,-1.30%
8-May-19,2.485,2.457,2.491,2.426,1.54%
7-May-19,2.448,2.48,2.501,2.444,-2.08%
6-May-19,2.5,2.482,2.503,2.473,-1.21%
5-May-19,2.53,2.53,2.53,2.53,0.00%
3-May-19,2.53,2.545,2.578,2.514,-0.57%
2-May-19,2.545,2.522,2.558,2.509,1.73%
1-May-19,2.502,2.509,2.52,2.455,-0.08%
30-Apr-19,2.504,2.527,2.55,2.502,-0.93%
29-Apr-19,2.527,2.509,2.541,2.504,1.08%
26-Apr-19,2.5,2.529,2.545,2.495,-1.35%
25-Apr-19,2.534,2.523,2.542,2.516,0.64%
24-Apr-19,2.518,2.572,2.572,2.518,-1.97%
23-Apr-19,2.569,2.587,2.594,2.563,-0.70%
22-Apr-19,2.587,2.558,2.592,2.558,1.06%
21-Apr-19,2.56,2.561,2.561,2.558,0.00%
18-Apr-19,2.56,2.587,2.589,2.549,-1.33%
17-Apr-19,2.594,2.585,2.614,2.579,0.07%
16-Apr-19,2.592,2.556,2.596,2.547,1.41%
15-Apr-19,2.556,2.558,2.574,2.547,0.00%
14-Apr-19,2.556,2.558,2.558,2.556,-0.21%
12-Apr-19,2.562,2.499,2.567,2.49,2.51%
11-Apr-19,2.499,2.474,2.51,2.47,1.38%
10-Apr-19,2.465,2.501,2.511,2.463,-1.50%
9-Apr-19,2.502,2.519,2.527,2.485,-0.71%
8-Apr-19,2.52,2.503,2.524,2.486,0.72%
7-Apr-19,2.503,2.504,2.504,2.503,0.14%
5-Apr-19,2.499,2.515,2.544,2.494,-0.57%
4-Apr-19,2.513,2.517,2.526,2.496,-0.57%
3-Apr-19,2.528,2.472,2.528,2.469,2.24%
2-Apr-19,2.472,2.488,2.492,2.467,-1.21%
1-Apr-19,2.503,2.43,2.508,2.424,3.08%
31-Mar-19,2.428,2.424,2.428,2.424,0.88%
29-Mar-19,2.407,2.393,2.433,2.391,0.66%
28-Mar-19,2.391,2.365,2.405,2.34,0.44%
27-Mar-19,2.381,2.425,2.432,2.352,-1.82%
26-Mar-19,2.425,2.414,2.453,2.402,0.81%
25-Mar-19,2.405,2.453,2.473,2.377,-1.88%
24-Mar-19,2.451,2.45,2.451,2.45,0.58%
22-Mar-19,2.437,2.539,2.539,2.418,-3.99%
21-Mar-19,2.539,2.524,2.546,2.5,0.56%
20-Mar-19,2.524,2.616,2.618,2.524,-3.56%
19-Mar-19,2.618,2.603,2.634,2.591,0.48%
18-Mar-19,2.605,2.594,2.611,2.585,0.42%
17-Mar-19,2.594,2.592,2.594,2.592,0.14%
15-Mar-19,2.591,2.628,2.638,2.58,-1.51%
14-Mar-19,2.63,2.621,2.645,2.611,0.21%
13-Mar-19,2.625,2.607,2.628,2.605,0.97%
12-Mar-19,2.6,2.657,2.674,2.596,-1.57%
11-Mar-19,2.641,2.63,2.659,2.623,0.41%
10-Mar-19,2.63,2.628,2.63,2.628,0.00%
8-Mar-19,2.63,2.645,2.652,2.607,-0.41%
7-Mar-19,2.641,2.69,2.693,2.636,-1.94%
6-Mar-19,2.693,2.719,2.72,2.679,-0.93%
5-Mar-19,2.719,2.728,2.75,2.715,-0.20%
4-Mar-19,2.724,2.766,2.768,2.719,-1.51%
3-Mar-19,2.766,2.77,2.77,2.766,0.26%
1-Mar-19,2.759,2.719,2.768,2.711,1.53%
28-Feb-19,2.717,2.675,2.731,2.659,1.14%
27-Feb-19,2.686,2.634,2.699,2.628,1.84%
26-Feb-19,2.638,2.663,2.668,2.632,-1.14%
25-Feb-19,2.668,2.668,2.684,2.655,0.07%
24-Feb-19,2.666,2.664,2.666,2.664,0.47%
22-Feb-19,2.654,2.688,2.688,2.638,-1.54%
21-Feb-19,2.695,2.645,2.697,2.641,1.76%
20-Feb-19,2.648,2.641,2.659,2.627,0.48%
19-Feb-19,2.636,2.675,2.675,2.634,-1.41%
18-Feb-19,2.673,2.673,2.673,2.673,0.34%
15-Feb-19,2.664,2.659,2.688,2.645,0.34%
14-Feb-19,2.655,2.698,2.713,2.643,-1.99%
13-Feb-19,2.709,2.693,2.715,2.681,0.87%
12-Feb-19,2.686,2.654,2.691,2.654,1.22%
11-Feb-19,2.654,2.638,2.67,2.636,0.75%
10-Feb-19,2.634,2.634,2.634,2.634,0.00%
8-Feb-19,2.634,2.657,2.659,2.625,-0.88%
7-Feb-19,2.657,2.697,2.698,2.65,-1.59%
6-Feb-19,2.7,2.704,2.704,2.673,-0.14%
5-Feb-19,2.704,2.718,2.74,2.688,-0.79%
4-Feb-19,2.725,2.693,2.734,2.684,1.26%
3-Feb-19,2.691,2.691,2.691,2.691,0.27%
1-Feb-19,2.684,2.645,2.697,2.624,1.95%
31-Jan-19,2.633,2.683,2.685,2.619,-1.67%
30-Jan-19,2.678,2.715,2.735,2.676,-1.19%
29-Jan-19,2.71,2.742,2.747,2.706,-1.38%
28-Jan-19,2.748,2.755,2.766,2.728,-0.26%
27-Jan-19,2.755,2.755,2.755,2.755,-0.13%
25-Jan-19,2.759,2.721,2.76,2.719,1.58%
24-Jan-19,2.716,2.744,2.753,2.701,-1.24%
23-Jan-19,2.75,2.739,2.779,2.734,0.32%
22-Jan-19,2.741,2.775,2.779,2.727,-1.17%
21-Jan-19,2.773,2.775,2.775,2.773,-0.52%
18-Jan-19,2.788,2.747,2.799,2.743,1.36%
17-Jan-19,2.75,2.72,2.761,2.698,0.85%
16-Jan-19,2.727,2.713,2.743,2.704,0.32%
15-Jan-19,2.718,2.704,2.722,2.679,0.46%
14-Jan-19,2.706,2.676,2.711,2.66,0.26%
13-Jan-19,2.699,2.699,2.699,2.699,0.00%
11-Jan-19,2.699,2.731,2.74,2.681,-1.70%
10-Jan-19,2.746,2.71,2.747,2.678,1.25%
9-Jan-19,2.712,2.73,2.747,2.71,-0.66%
8-Jan-19,2.73,2.692,2.733,2.687,1.19%
7-Jan-19,2.698,2.666,2.701,2.632,1.13%
6-Jan-19,2.668,2.668,2.668,2.668,0.00%
4-Jan-19,2.668,2.564,2.678,2.543,4.55%
3-Jan-19,2.552,2.618,2.656,2.545,-3.08%
2-Jan-19,2.633,2.686,2.697,2.622,-1.98%
1-Jan-19,2.686,2.686,2.686,2.686,0.00%
31-Dec-18,2.686,2.73,2.745,2.679,-1.12%
30-Dec-18,2.716,2.716,2.716,2.716,0.00%
28-Dec-18,2.716,2.768,2.781,2.713,-2.07%
27-Dec-18,2.774,2.803,2.806,2.733,-1.28%
26-Dec-18,2.81,2.751,2.815,2.72,2.14%
25-Dec-18,2.751,2.749,2.751,2.749,0.52%
24-Dec-18,2.737,2.826,2.826,2.733,-1.86%
23-Dec-18,2.788,2.788,2.788,2.788,0.00%
21-Dec-18,2.788,2.801,2.81,2.781,-0.71%
20-Dec-18,2.808,2.767,2.814,2.748,1.68%
19-Dec-18,2.762,2.819,2.861,2.75,-2.15%
18-Dec-18,2.823,2.859,2.861,2.818,-1.20%
17-Dec-18,2.857,2.895,2.898,2.848,-1.25%
16-Dec-18,2.893,2.893,2.893,2.893,-0.06%
14-Dec-18,2.895,2.909,2.913,2.87,-0.62%
13-Dec-18,2.913,2.91,2.918,2.891,0.06%
12-Dec-18,2.911,2.884,2.917,2.879,1.13%
11-Dec-18,2.879,2.85,2.89,2.845,0.56%
10-Dec-18,2.863,2.829,2.868,2.825,1.20%
9-Dec-18,2.829,2.825,2.829,2.825,-1.00%
7-Dec-18,2.858,2.901,2.921,2.847,-1.19%
6-Dec-18,2.892,2.917,2.924,2.826,-0.87%
5-Dec-18,2.917,2.912,2.917,2.912,0.06%
4-Dec-18,2.915,2.975,2.977,2.885,-1.71%
3-Dec-18,2.966,3.037,3.05,2.966,-2.39%
2-Dec-18,3.039,3.037,3.039,3.037,1.52%
30-Nov-18,2.993,3.026,3.032,2.988,-1.26%
29-Nov-18,3.032,3.048,3.052,2.997,-0.95%
28-Nov-18,3.061,3.057,3.075,3.043,0.06%
27-Nov-18,3.059,3.059,3.074,3.044,0.00%
26-Nov-18,3.059,3.05,3.079,3.046,0.36%
25-Nov-18,3.048,3.048,3.048,3.048,0.06%
23-Nov-18,3.046,3.068,3.076,3.032,-0.60%
22-Nov-18,3.065,3.065,3.065,3.065,0.00%
21-Nov-18,3.065,3.065,3.088,3.061,0.12%
20-Nov-18,3.061,3.063,3.07,3.036,-0.06%
19-Nov-18,3.063,3.057,3.096,3.052,0.18%
18-Nov-18,3.057,3.057,3.057,3.057,-0.24%
16-Nov-18,3.065,3.11,3.123,3.065,-1.47%
15-Nov-18,3.11,3.123,3.136,3.081,-0.53%
14-Nov-18,3.127,3.145,3.165,3.092,-0.47%
13-Nov-18,3.141,3.151,3.176,3.138,-0.29%
12-Nov-18,3.151,3.186,3.186,3.151,-1.10%
9-Nov-18,3.186,3.232,3.236,3.18,-1.65%
8-Nov-18,3.239,3.236,3.243,3.206,0.06%
7-Nov-18,3.237,3.213,3.25,3.176,0.18%
6-Nov-18,3.231,3.208,3.231,3.189,0.96%
5-Nov-18,3.201,3.208,3.212,3.186,-0.29%
4-Nov-18,3.21,3.21,3.21,3.21,-0.30%
2-Nov-18,3.22,3.14,3.224,3.136,2.73%
1-Nov-18,3.134,3.155,3.174,3.13,-0.48%
31-Oct-18,3.149,3.125,3.162,3.123,0.97%
30-Oct-18,3.119,3.087,3.125,3.083,0.98%
29-Oct-18,3.089,3.081,3.117,3.059,0.18%
28-Oct-18,3.083,3.083,3.083,3.083,0.18%
26-Oct-18,3.077,3.109,3.117,3.057,-1.56%
25-Oct-18,3.126,3.102,3.145,3.1,0.49%
24-Oct-18,3.111,3.17,3.17,3.094,-1.90%
23-Oct-18,3.171,3.192,3.194,3.111,-0.88%
22-Oct-18,3.2,3.192,3.209,3.177,0.24%
21-Oct-18,3.192,3.19,3.192,3.19,-0.12%
19-Oct-18,3.196,3.175,3.209,3.169,0.60%
18-Oct-18,3.177,3.207,3.217,3.16,-0.94%
17-Oct-18,3.207,3.169,3.207,3.146,1.38%
16-Oct-18,3.163,3.158,3.178,3.152,0.24%
15-Oct-18,3.156,3.158,3.165,3.142,-0.12%
14-Oct-18,3.159,3.158,3.159,3.156,-0.24%
12-Oct-18,3.167,3.154,3.184,3.131,0.67%
11-Oct-18,3.146,3.163,3.195,3.124,-0.89%
10-Oct-18,3.174,3.214,3.244,3.165,-1.00%
9-Oct-18,3.206,3.231,3.261,3.203,-0.76%
8-Oct-18,3.231,3.237,3.237,3.231,-0.06%
5-Oct-18,3.233,3.193,3.248,3.187,1.44%
4-Oct-18,3.187,3.198,3.232,3.176,0.18%
3-Oct-18,3.181,3.061,3.187,3.05,3.92%
2-Oct-18,3.061,3.087,3.087,3.046,-0.78%
1-Oct-18,3.086,3.067,3.095,3.063,0.55%
30-Sep-18,3.069,3.069,3.069,3.069,0.12%
28-Sep-18,3.065,3.048,3.065,3.026,0.31%
27-Sep-18,3.056,3.054,3.074,3.03,0.25%
26-Sep-18,3.048,3.096,3.098,3.048,-1.62%
25-Sep-18,3.098,3.089,3.113,3.087,0.30%
24-Sep-18,3.089,3.098,3.098,3.065,0.73%
23-Sep-18,3.066,3.066,3.066,3.066,0.00%
21-Sep-18,3.066,3.065,3.085,3.057,0.07%
20-Sep-18,3.065,3.066,3.096,3.059,-0.06%
19-Sep-18,3.066,3.055,3.092,3.044,0.30%
18-Sep-18,3.057,2.979,3.059,2.977,2.10%
17-Sep-18,2.994,2.99,3.022,2.985,-0.18%
16-Sep-18,3,2.961,3,2.959,0.00%
14-Sep-18,3,2.974,3.003,2.968,0.87%
13-Sep-18,2.974,2.964,2.983,2.944,0.31%
12-Sep-18,2.964,2.974,2.976,2.955,-0.55%
11-Sep-18,2.981,2.935,2.983,2.935,1.56%
10-Sep-18,2.935,2.944,2.95,2.93,-0.25%
9-Sep-18,2.942,2.941,2.942,2.941,0.12%
7-Sep-18,2.939,2.875,2.95,2.871,2.09%
6-Sep-18,2.878,2.9,2.911,2.871,-0.88%
5-Sep-18,2.904,2.898,2.917,2.884,0.19%
4-Sep-18,2.898,2.86,2.906,2.855,1.27%
3-Sep-18,2.862,2.862,2.862,2.862,0.06%
31-Aug-18,2.86,2.86,2.868,2.831,0.06%
30-Aug-18,2.859,2.88,2.888,2.855,-0.94%
29-Aug-18,2.886,2.878,2.898,2.866,0.06%
28-Aug-18,2.884,2.851,2.888,2.844,1.34%
27-Aug-18,2.846,2.821,2.851,2.815,0.90%
26-Aug-18,2.821,2.822,2.824,2.821,0.26%
24-Aug-18,2.813,2.824,2.85,2.812,-0.51%
23-Aug-18,2.828,2.817,2.832,2.812,0.26%
22-Aug-18,2.821,2.824,2.837,2.808,-0.76%
21-Aug-18,2.842,2.824,2.853,2.819,0.83%
20-Aug-18,2.819,2.866,2.869,2.815,-1.70%
19-Aug-18,2.868,2.866,2.868,2.866,0.13%
17-Aug-18,2.864,2.868,2.877,2.844,-0.19%
16-Aug-18,2.87,2.864,2.893,2.857,0.19%
15-Aug-18,2.864,2.9,2.9,2.837,-1.25%
14-Aug-18,2.9,2.877,2.902,2.877,0.82%
13-Aug-18,2.877,2.866,2.889,2.848,0.44%
12-Aug-18,2.864,2.87,2.871,2.864,-0.32%
10-Aug-18,2.873,2.929,2.931,2.853,-1.92%
9-Aug-18,2.929,2.959,2.964,2.924,-1.16%
8-Aug-18,2.964,2.973,2.986,2.958,-0.44%
7-Aug-18,2.977,2.943,2.979,2.936,1.07%
6-Aug-18,2.945,2.956,2.962,2.925,-0.38%
5-Aug-18,2.956,2.958,2.96,2.956,0.19%
3-Aug-18,2.951,2.993,2.997,2.951,-1.18%
2-Aug-18,2.986,3.003,3.006,2.975,-0.62%
1-Aug-18,3.004,2.958,3.016,2.954,1.45%
31-Jul-18,2.962,2.969,2.977,2.934,-0.44%
30-Jul-18,2.975,2.962,2.99,2.958,0.50%
29-Jul-18,2.96,2.962,2.962,2.96,0.06%
27-Jul-18,2.958,2.976,2.988,2.951,-0.81%
26-Jul-18,2.982,2.974,2.984,2.947,0.31%
25-Jul-18,2.973,2.949,2.976,2.928,0.76%
24-Jul-18,2.95,2.958,2.973,2.945,-0.31%
23-Jul-18,2.96,2.895,2.967,2.882,2.30%
22-Jul-18,2.893,2.897,2.899,2.893,-0.07%
20-Jul-18,2.895,2.847,2.899,2.836,2.01%
19-Jul-18,2.838,2.88,2.897,2.831,-1.28%
18-Jul-18,2.875,2.864,2.882,2.847,0.51%
17-Jul-18,2.86,2.86,2.873,2.847,0.13%
16-Jul-18,2.856,2.823,2.877,2.823,0.97%
15-Jul-18,2.829,2.829,2.829,2.829,0.00%
13-Jul-18,2.829,2.856,2.858,2.827,-0.71%
12-Jul-18,2.849,2.853,2.871,2.845,0.32%
11-Jul-18,2.84,2.838,2.866,2.825,-0.96%
10-Jul-18,2.867,2.862,2.875,2.851,0.32%
9-Jul-18,2.858,2.829,2.862,2.829,1.16%
8-Jul-18,2.825,2.827,2.827,2.825,0.06%
6-Jul-18,2.824,2.831,2.849,2.807,-0.32%
5-Jul-18,2.833,2.842,2.866,2.82,-0.32%
4-Jul-18,2.842,2.842,2.842,2.842,0.32%
3-Jul-18,2.833,2.869,2.884,2.831,-1.34%
2-Jul-18,2.871,2.858,2.873,2.824,0.51%
1-Jul-18,2.856,2.858,2.86,2.856,-0.13%
29-Jun-18,2.86,2.844,2.868,2.833,0.70%
28-Jun-18,2.84,2.833,2.853,2.822,0.45%
27-Jun-18,2.827,2.884,2.886,2.826,-1.71%
26-Jun-18,2.877,2.882,2.9,2.866,-0.19%
25-Jun-18,2.882,2.893,2.897,2.866,-0.31%
24-Jun-18,2.891,2.886,2.891,2.886,-0.13%
22-Jun-18,2.895,2.904,2.928,2.893,-0.13%
21-Jun-18,2.899,2.937,2.95,2.891,-1.31%
20-Jun-18,2.937,2.895,2.941,2.882,1.39%
19-Jun-18,2.897,2.897,2.904,2.853,-0.69%
18-Jun-18,2.917,2.922,2.933,2.9,-0.12%
17-Jun-18,2.921,2.921,2.921,2.921,-0.06%
15-Jun-18,2.922,2.937,2.937,2.889,-0.44%
14-Jun-18,2.935,2.97,2.976,2.928,-1.30%
13-Jun-18,2.974,2.961,3.01,2.95,0.31%
12-Jun-18,2.964,2.957,2.981,2.944,0.44%
11-Jun-18,2.952,2.952,2.97,2.95,0.00%
10-Jun-18,2.952,2.946,2.952,2.944,0.13%
8-Jun-18,2.948,2.941,2.95,2.889,0.88%
7-Jun-18,2.922,2.977,2.994,2.884,-1.73%
6-Jun-18,2.974,2.928,2.981,2.926,1.63%
5-Jun-18,2.926,2.939,2.942,2.9,-0.62%
4-Jun-18,2.944,2.908,2.946,2.902,1.32%
3-Jun-18,2.906,2.9,2.906,2.9,0.12%
1-Jun-18,2.902,2.862,2.926,2.86,1.46%
31-May-18,2.86,2.846,2.886,2.822,0.13%
30-May-18,2.857,2.763,2.888,2.763,2.40%
29-May-18,2.79,2.9,2.908,2.759,-3.75%
28-May-18,2.898,2.931,2.931,2.895,-1.12%
25-May-18,2.931,2.975,2.997,2.922,-1.54%
24-May-18,2.977,3.001,3.014,2.955,-0.55%
23-May-18,2.993,3.058,3.065,2.99,-2.28%
22-May-18,3.063,3.058,3.08,3.05,0.18%
21-May-18,3.058,3.08,3.084,3.054,-0.72%
20-May-18,3.08,3.06,3.08,3.06,0.66%
18-May-18,3.06,3.119,3.128,3.058,-1.78%
17-May-18,3.115,3.098,3.122,3.087,0.36%
16-May-18,3.104,3.07,3.104,3.058,1.03%
15-May-18,3.072,3.004,3.095,2.997,2.33%
14-May-18,3.002,2.975,3.004,2.959,0.92%
13-May-18,2.975,2.97,2.977,2.97,0.19%
11-May-18,2.97,2.966,2.982,2.948,0.19%
10-May-18,2.964,2.995,2.995,2.948,-1.40%
9-May-18,3.006,2.976,3.014,2.976,1.14%
8-May-18,2.972,2.952,2.987,2.944,0.70%
7-May-18,2.952,2.951,2.961,2.937,-0.06%
6-May-18,2.953,2.951,2.957,2.951,0.06%
4-May-18,2.951,2.95,2.965,2.911,0.13%
3-May-18,2.948,2.97,2.978,2.927,-0.94%
2-May-18,2.976,2.968,2.996,2.957,0.25%
1-May-18,2.968,2.959,2.979,2.949,0.44%
30-Apr-18,2.955,2.966,2.972,2.934,-0.13%
29-Apr-18,2.959,2.959,2.959,2.959,0.00%
27-Apr-18,2.959,2.987,2.988,2.955,-0.81%
26-Apr-18,2.983,3.024,3.033,2.981,-1.61%
25-Apr-18,3.032,2.994,3.035,2.99,1.07%
24-Apr-18,3,2.975,3.003,2.957,0.76%
23-Apr-18,2.977,2.968,2.998,2.962,0.32%
22-Apr-18,2.968,2.96,2.97,2.96,0.25%
20-Apr-18,2.96,2.917,2.962,2.904,1.60%
19-Apr-18,2.914,2.875,2.934,2.862,1.35%
18-Apr-18,2.875,2.829,2.876,2.823,1.56%
17-Apr-18,2.83,2.832,2.849,2.814,0.07%
16-Apr-18,2.829,2.841,2.865,2.825,-0.52%
15-Apr-18,2.843,2.825,2.845,2.825,0.65%
13-Apr-18,2.825,2.827,2.849,2.816,-0.64%
12-Apr-18,2.843,2.783,2.843,2.772,2.31%
11-Apr-18,2.779,2.803,2.805,2.755,-0.78%
10-Apr-18,2.801,2.783,2.812,2.779,0.72%
9-Apr-18,2.781,2.786,2.814,2.772,-0.20%
8-Apr-18,2.786,2.775,2.788,2.775,0.40%
6-Apr-18,2.775,2.817,2.83,2.768,-2.06%
5-Apr-18,2.834,2.808,2.838,2.805,0.91%
4-Apr-18,2.808,2.773,2.81,2.748,0.99%
3-Apr-18,2.781,2.737,2.79,2.735,1.73%
2-Apr-18,2.733,2.759,2.773,2.717,-0.99%
1-Apr-18,2.761,2.755,2.763,2.755,0.73%
29-Mar-18,2.741,2.784,2.792,2.739,-1.50%
28-Mar-18,2.783,2.781,2.79,2.743,0.26%
27-Mar-18,2.775,2.854,2.859,2.77,-2.69%
26-Mar-18,2.852,2.819,2.856,2.815,1.11%
25-Mar-18,2.821,2.817,2.823,2.817,0.26%
23-Mar-18,2.813,2.806,2.852,2.792,-0.32%
22-Mar-18,2.823,2.881,2.889,2.799,-2.03%
21-Mar-18,2.881,2.89,2.936,2.87,-0.63%
20-Mar-18,2.9,2.855,2.901,2.852,1.54%
19-Mar-18,2.855,2.857,2.879,2.833,0.00%
18-Mar-18,2.855,2.845,2.92,2.845,0.39%
16-Mar-18,2.845,2.83,2.859,2.81,0.65%
15-Mar-18,2.826,2.819,2.835,2.797,0.26%
14-Mar-18,2.819,2.841,2.857,2.801,-0.90%
13-Mar-18,2.844,2.872,2.883,2.83,-0.76%
12-Mar-18,2.866,2.905,2.91,2.863,-1.33%
11-Mar-18,2.905,2.896,2.908,2.896,0.32%
9-Mar-18,2.896,2.872,2.914,2.868,1.35%
8-Mar-18,2.857,2.885,2.892,2.848,-0.82%
7-Mar-18,2.881,2.848,2.888,2.842,-0.19%
6-Mar-18,2.886,2.88,2.906,2.857,0.13%
5-Mar-18,2.883,2.85,2.897,2.81,1.22%
4-Mar-18,2.848,2.85,2.85,2.846,-0.70%
2-Mar-18,2.868,2.819,2.87,2.793,2.01%
1-Mar-18,2.811,2.866,2.875,2.795,-1.84%
28-Feb-18,2.864,2.901,2.912,2.862,-1.26%
27-Feb-18,2.901,2.861,2.925,2.85,1.27%
26-Feb-18,2.864,2.875,2.875,2.831,-0.38%
25-Feb-18,2.875,2.866,2.879,2.866,0.32%
23-Feb-18,2.866,2.926,2.937,2.861,-1.81%
22-Feb-18,2.919,2.946,2.948,2.904,-1.12%
21-Feb-18,2.952,2.891,2.957,2.877,2.09%
20-Feb-18,2.891,2.891,2.928,2.884,0.07%
19-Feb-18,2.889,2.888,2.891,2.888,0.57%
18-Feb-18,2.873,2.873,2.873,2.873,0.00%
16-Feb-18,2.873,2.909,2.911,2.849,-1.13%
15-Feb-18,2.906,2.909,2.944,2.882,-0.25%
14-Feb-18,2.913,2.833,2.92,2.808,2.83%
13-Feb-18,2.833,2.855,2.862,2.822,-0.89%
12-Feb-18,2.859,2.902,2.902,2.828,0.07%
11-Feb-18,2.857,2.857,2.857,2.857,0.00%
9-Feb-18,2.857,2.829,2.864,2.786,1.03%
8-Feb-18,2.828,2.809,2.884,2.808,-0.23%
7-Feb-18,2.834,2.803,2.861,2.758,1.02%
6-Feb-18,2.805,2.73,2.807,2.648,3.55%
5-Feb-18,2.709,2.847,2.885,2.698,-4.77%
4-Feb-18,2.845,2.841,2.849,2.841,0.13%
2-Feb-18,2.841,2.79,2.854,2.783,2.12%
1-Feb-18,2.782,2.724,2.793,2.72,2.57%
31-Jan-18,2.713,2.72,2.754,2.696,-0.41%
30-Jan-18,2.724,2.703,2.733,2.681,0.90%
29-Jan-18,2.699,2.658,2.727,2.654,1.55%
28-Jan-18,2.658,2.662,2.662,2.658,-0.07%
26-Jan-18,2.66,2.622,2.673,2.621,1.35%
25-Jan-18,2.624,2.65,2.676,2.615,-0.91%
24-Jan-18,2.648,2.611,2.665,2.609,1.21%
23-Jan-18,2.617,2.656,2.659,2.611,-1.46%
22-Jan-18,2.656,2.661,2.672,2.632,-0.27%
21-Jan-18,2.663,2.661,2.665,2.659,0.07%
19-Jan-18,2.661,2.624,2.663,2.613,1.43%
18-Jan-18,2.624,2.59,2.627,2.585,1.43%
17-Jan-18,2.587,2.533,2.592,2.532,1.88%
16-Jan-18,2.539,2.553,2.563,2.522,-0.50%
15-Jan-18,2.552,2.55,2.552,2.55,0.07%
12-Jan-18,2.55,2.549,2.594,2.542,0.52%
11-Jan-18,2.537,2.553,2.57,2.526,-0.86%
10-Jan-18,2.559,2.551,2.597,2.544,0.29%
9-Jan-18,2.551,2.482,2.555,2.48,2.87%
8-Jan-18,2.48,2.48,2.489,2.462,0.15%
7-Jan-18,2.476,2.476,2.476,2.476,0.00%
5-Jan-18,2.476,2.458,2.48,2.433,0.97%
4-Jan-18,2.453,2.458,2.487,2.449,0.30%
3-Jan-18,2.445,2.465,2.472,2.44,-0.66%
